x1,x2,x3,x4,x5,x6,y
-0.47882475783753936,0.6533903184197095,-0.5078201562302224,-1.0,0.7358250646339861,0.2622109836090033,2.7638826124304745
0.10049034917508838,-1.0,-0.4803113731053013,-1.0,-0.48449160045843254,-1.0,5.094583952025897
-0.523941858120992,-0.4082000172402923,-1.0,0.062461595795657465,1.0,-0.41460436121578675,-1.4381485834879588
0.21923908804854997,0.3008767757298274,1.0,0.23507007503368205,1.0,-0.08518625886673488,-0.4849880267476828
-0.6951764849778848,0.019401865538653085,0.6264271087300788,-1.0,1.0,0.3100475662058016,2.680734169788163
0.4414234944192337,1.0,0.11768728479056056,0.7558941302822977,-0.7018131063884828,0.09888764789365029,2.079705275195189
-0.6705606773605215,-0.2508594103310964,-0.7232097794547072,-0.19943555125521056,-0.7547719024118154,-0.31777102129020984,-2.466183590789792
-0.6058061112479949,0.5891932861399576,-1.0,-1.0,-1.0,1.0,11.083607590647603
-0.2768501399040466,-0.639743885145277,-1.0,-1.0,-0.10109492519742691,0.1782960968997927,-2.5329273102814254
0.5385306705325561,0.42308265053848204,0.08647370463398463,-0.05818976483913567,0.9660729872423983,0.12247033113468392,-1.031319780003241
-1.0,0.767433521892131,-0.7114808020226588,0.1846851102044137,-0.5739107722904652,0.92713904139375,6.0992393435093435
-0.14984708941789515,-0.47465475819340064,-0.23181897643047766,-1.0,1.0,1.0,3.5622199439352995
-0.258484247361211,1.0,0.6374310713331279,0.24879913724594382,-1.0,-0.7899181729665968,-1.06587336135324
-1.0,-0.9002584821309902,-0.9157128616299159,-1.0,-0.9326764005951025,-1.0,4.70377423644796
-1.0,-0.16860548504164719,-1.0,0.4645667776992336,-1.0,-0.9996827079931749,2.0060541442917303
-0.09367024036156679,-1.0,-0.5769558446170735,-1.0,-0.7725726850053743,0.3818738089543249,1.0278461913723098
-0.6807028445731844,-1.0,-0.13515534000678275,0.6898584182562646,-0.5426470867494388,-1.0,1.2699794562523363
0.7923463356083285,1.0,-0.5838534652062739,0.5431052026958738,1.0,1.0,3.6983109487349726
-0.6281348173996026,-0.07969495735436621,-1.0,-0.41341830346355146,0.11734090907213546,0.3605117255220034,0.3558294820974476
-0.6421471820524306,-0.4084467325107677,-0.14071716985189897,-0.8848094927809547,1.0,0.5737355775603455,2.9107604054943192
0.7656800144458402,-0.12709825252852036,-1.0,-0.05354521820565894,-0.34098791078862456,-0.3250848871058003,0.2734862936024349
-1.0,-1.0,-1.0,-1.0,-0.3112002591565728,-0.5987727037015618,-3.2251278549702556
1.0,0.16437728040814736,0.07694763445383135,0.1714007224933628,0.3547572160607628,1.0,1.4951674772530303
-1.0,-0.6957086470687088,-0.5024975360959563,-1.0,-1.0,-1.0,3.287476542637508
-1.0,-1.0,-1.0,0.4084535161272135,-0.4984666406906465,0.24556176215709813,-5.23248959589744
-0.27013272853014914,-1.0,-1.0,0.6927533131354557,0.2805244554877341,1.0,5.03039702852191
0.15499681477352145,0.6322216667533567,0.8118250892599299,0.6344132792634689,-0.2765161383028111,-0.29893077138176194,-0.1904557184553617
-0.28712129343841475,-0.29957506638674414,0.6458289387673742,-0.10846998936636015,-0.1419339235191498,0.43231767184708625,-0.5077538321632508
-1.0,0.7025831259197076,-0.222627812575252,-1.0,0.9329726005304484,-0.366651625883712,3.983757644070719
0.23749244875576303,-0.33169660115162725,-0.5791945229862998,-0.13509663278216122,-0.31566337454591015,-0.1491079012003188,0.6111491858867361
0.3675765336225378,1.0,1.0,1.0,1.0,1.0,-5.984024265821955
1.0,0.5699234787134655,0.3468286795959594,0.8115960029378919,-0.6165100191075147,-1.0,7.264531497908142
-1.0,-0.9044392655548686,-1.0,0.2042219558341548,-0.03514593142430811,-1.0,3.4357768617116915
0.007946450183918818,1.0,0.6773204629771079,0.8364716921984106,1.0,0.11519633339958224,-3.1641983135201444
1.0,1.0,1.0,1.0,-1.0,-0.5502805664380619,5.7342032647480705
1.0,1.0,1.0,1.0,-0.015658343379879563,-1.0,2.5656615582688005
-0.537751042352272,0.9020957390312098,0.8552052860197668,-0.025787244905817852,1.0,-0.5712379716549271,-1.0034340461451587
-0.4135430508579032,-0.38409249785331434,-0.44607287597438083,-1.0,-1.0,-1.0,3.3326660596778965
0.2280002967035338,0.5479526439117037,0.7392436525825841,-0.8558104533517902,0.7089805923861123,1.0,1.4784338774007348
0.4302212044384887,0.22812828219147585,-1.0,-0.7994580329562181,-0.9762927715197509,-0.7003097992481397,0.5622544349512979
0.6876227301975066,0.3064506209921161,-0.7438529992326048,0.9718470490183788,-0.2904766526174025,-1.0,3.4101426859039377
0.5694383565163941,1.0,1.0,0.09315965875291465,0.2679380394996148,1.0,-2.582657148983507
1.0,1.0,0.6680121215179833,0.370437784783624,0.20549028972125882,-0.2343655216902193,-1.2446780669355648
-1.0,-1.0,-0.3311312673339686,-1.0,-0.9082700647539479,-0.33619148015377287,1.5309600882663998
1.0,1.0,1.0,0.8316708168869846,0.12737535952730247,1.0,-5.192151721366167
-1.0,0.4192159047450195,0.08902064754399464,-0.45400048059051,-0.9416396604012811,-1.0,-2.294490708964706
-0.2536722395863171,-1.0,-0.5094285702202731,-0.2748615430261234,-1.0,0.5742736815411442,-0.2648962606458858
-0.1655431119168277,-0.7393524906603914,-1.0,-0.09579210028769003,-0.08273436699881254,-0.4403483629632968,-0.991598925076417
1.0,0.25409317674274656,0.3623505292240403,1.0,-0.298958310059259,-0.6587314708803658,4.828609055758923
-0.6898892778293695,-0.1988427795044172,-0.041214477078096445,-0.35232094255391844,-0.9031128171802089,0.45184685947646264,-1.4689831941393288
0.04559965650310771,-1.0,-0.788225959694158,-1.0,-0.9097092288841242,-0.9086574139219878,6.144471395686482
0.3853010562376059,-0.5572816574407518,-1.0,-0.691851612312677,-0.6154029046190652,-0.38089975845390045,0.8804623612992871
-0.18764218049529235,-1.0,-0.572470401448997,-1.0,1.0,-0.36404307439037975,-1.388192015142673
-0.0071001843296309985,1.0,0.5278948661805356,-0.29740893293170234,1.0,0.6635959239350354,1.6909807075513181
1.0,0.518487819490183,0.09115388415408443,1.0,1.0,1.0,1.3765878151691846
-0.8861724816837148,-0.1738681028657698,-1.0,-0.804704795113083,0.04068112784459643,-0.4726797946162514,0.0641767212343371
-0.11823330089658934,0.32127516300439973,0.7268270262223056,1.0,1.0,0.6493874736780518,-0.393106198429633
-0.29430709085110707,-0.485163978969256,-0.8350181996266965,-1.0,0.07670617319474404,0.35194004498710424,-0.6549773332728654
0.4651956447976541,-0.9810304893367175,0.2902117877759911,-0.26860617329181014,1.0,0.8247202614334028,-0.9644666957275202
0.6054511778730916,0.013752175140779893,-0.13874131079696472,-0.06684130374582786,-0.263993622516555,0.200125708763224,0.6139407815038684
-1.0,-0.5708473393937161,-0.9136951277822138,-0.7972618585207643,0.3474773606931982,1.0,2.8668638460573868
1.0,0.19967030529648144,0.7862687514129247,1.0,1.0,-0.18689669193955405,-4.381583660775301
1.0,0.2649268638685647,1.0,1.0,-0.889794938319775,-0.5298577550559023,5.175316566358926
0.04501267256161884,-0.22587012849231464,0.12741765678849695,-1.0,-1.0,-1.0,4.322325335135949
-1.0,-1.0,-1.0,-1.0,-0.9266952558758652,-1.0,4.826642120636085
0.5803464208721296,-0.4079447747104452,0.2773067114964696,-0.5624930953488737,-1.0,-1.0,6.224951017095935
0.6794141513370349,0.22098292831726418,0.1511233803433678,0.818468524981441,0.781476054836626,1.0,2.8768831829998245
1.0,-0.051661060081523935,0.08962347148753524,0.27208340817397825,-0.3597663932810993,-0.45377026955850513,1.790529671472522
0.39053366096434544,1.0,0.25065117115518143,-1.0,0.21981039889269582,0.5992451309696551,1.3819026891680486
-0.4056357851320643,-0.6326165081233901,-0.696029414292402,-0.23327658036390453,-1.0,0.49747081216170586,0.08184535716984165
0.9842291400410299,-0.7988554405513598,1.0,1.0,1.0,0.11351496083275936,-4.694126899389294
0.9423279098321097,-0.4281612833321722,-0.06661446421158533,-0.9182776679288228,-0.6041656077666384,1.0,5.117491606661353
-0.936675588744388,-1.0,-0.9281633466919407,-0.7826376524330341,1.0,-0.13346406049475965,-5.5335574410876776
0.09340741888891291,1.0,0.8340696299693708,0.6676394443486467,1.0,1.0,-1.9170519992632657
-0.8347589678317411,0.8801639553189875,1.0,0.9397905450438304,-0.745589007961245,-0.08885817745355007,-2.96083135303748
0.10625320141609143,-1.0,-0.43176809183814424,0.2326910321299448,0.4698869215034845,0.5474466864306888,-0.43309418879477346
-0.41442466454548843,0.6298171642146961,0.22619906471235773,0.0167570746288348,0.6339852267625606,0.30451663710172927,0.3274211930106785
0.4632688348229858,0.025594213256284498,0.39411332763088913,-0.3144303227329636,0.5965967906680012,-0.2709233567101347,-0.19466502453809043
0.9993080934309926,-1.0,0.06132206683513125,0.769742421249974,0.23367387068315182,1.0,2.5274128165632503
-0.6110343680012889,-1.0,-1.0,-0.19990064418267872,0.27999033061325584,0.9043668370168823,1.6369651955929332
-0.10114595672753296,0.8163880797730567,-1.0,0.7216960806155945,-1.0,8.065593064321419e-05,0.886829843133271
-1.0,-1.0,-0.0002914576196835217,-0.8367007248878334,1.0,0.7331904314932771,1.6135728978336445
1.0,0.6636256300921533,1.0,1.0,0.9589859585537099,0.8927655695192216,-7.109448511818476
1.0,1.0,1.0,1.0,-1.0,-1.0,8.372265934376522
-0.028335184133722158,-0.9435577129441004,-0.9961754995740254,-0.20026458722559168,1.0,1.0,3.262661855568416
-1.0,-1.0,0.17383644404150922,0.02095161786933694,0.3476300727427002,0.8068973734825795,0.15020722536591602
0.7944686275941109,1.0,1.0,0.23475563586790305,1.0,1.0,-5.170608635875552
-0.644119318095175,-0.2757731810960269,-1.0,0.03831780861182471,-0.9263353941209985,1.0,5.254727980928225
-1.0,-0.6505737305953516,-1.0,-0.5025193486139117,-0.7607767284694266,-1.0,1.966812743576305
0.1927257800035047,0.0335652472336494,1.0,1.0,0.3975496407136465,1.0,-2.604829867231505
-1.0,-0.25652262316357133,-0.47128567965863244,-0.5904251982621622,1.0,0.46867059384864407,2.2533934107472557
-1.0,-0.03304613687080127,-0.44474583691412994,-0.38042797298788034,0.5038846335509632,1.0,3.4963818487226517
0.7390172611206631,0.5831632753455149,-0.42960092333657895,0.21190038859604599,-1.0,-0.2904379816917724,2.17834794660401
-1.0,-0.4700299637122436,-0.3736066766498831,-0.5193730851700675,1.0,1.0,5.870839886996749
-0.2504465983925691,0.6018984011103118,1.0,-0.4842755312567088,0.29604348450217577,0.9478148192573139,-0.34738314246650415
-0.37375103543125854,-0.8157782127491469,-0.7017562988795344,-1.0,0.2652550224582184,-0.5656572544763621,-0.4143121180807906
-1.0,-0.689219028916244,0.3955974398285005,-0.15046571519192753,-0.33773673362469125,-0.46649945143071864,0.6589330315133617
-0.5041438011744508,-0.7445725360477302,0.3078040624357853,0.9374782331955788,0.9209226691397345,1.0,3.6698909745265524
-0.491770455197144,-0.3866851428840603,-1.0,-1.0,1.0,-0.035367381842124596,-1.116742604121696
0.3021632924805868,0.2806147659242477,-0.40862443520399494,0.2735644284141336,1.0,0.03763020905458503,-0.44491527272335846
0.6585116591966403,-1.0,-0.8248272513241119,-0.4078262333395741,-1.0,-0.13842067163029906,3.1089601157130695
-0.9492043829142836,0.05627069947005081,0.10745620162600089,-1.0,-0.24345064049898935,-0.7233551994913405,-0.6961450843922279
-1.0,-0.1777916026255415,0.45877820187594,-0.8203367486010249,0.336645473441316,-0.8408216019842762,4.314075376127885
-0.34160158779864036,0.39382155486490333,0.016166314622094446,-0.30885501019066347,0.832576824346881,1.0,5.653260433549853
0.7316353394033703,-0.1849406712692504,1.0,-1.0,-1.0,-0.3778256492948061,4.102851627728911
1.0,-0.10499741874595503,0.5506375325954378,0.7011574469386437,-0.7062558190255492,0.3177278886892434,2.7418177152169076
-0.03680257135703502,-0.6388093552854188,-0.03674384200284564,-0.2926591171734387,-1.0,-1.0,3.937530863473666
1.0,1.0,-1.0,1.0,0.6609249154349147,0.5174318902970547,-0.9879994520698157
0.27320864286990765,0.7865538688262368,0.512245638100544,-0.17091171955547485,-1.0,0.31688968930727945,-0.45501846575225324
0.749934645858049,0.558035918318037,1.0,0.8514818284058915,-0.760868564020675,-0.23877959816741123,2.195162124505043
0.025305892280236802,-0.27587126850444976,0.9199816486690705,-0.1177060614681148,-0.6495575850285303,-1.0,2.786102022452481
0.21310194880713706,1.0,1.0,1.0,-0.8235082400112049,0.7026207053125885,-2.8250316534708033
0.4944168234251035,-0.584420106720553,0.5490204539213634,-0.4746996625358529,-0.46331909486376577,-0.7482079601510632,5.447952156580878
-0.7236800635319468,-1.0,-1.0,-0.2589385085227906,0.8474371405017931,1.0,3.8751561983339005
-0.287218831410602,-0.8044697654459928,-0.6938312560342841,0.22702184212097737,-1.0,-0.10199146563974337,-1.3522404960621677
0.3923325365184166,0.9518048070477727,-0.7606294836348753,-0.1733685744965846,-1.0,-0.48783363938849905,1.9505734352885014
1.0,1.0,1.0,0.629147670375158,-0.4027056478718647,0.7421630527102501,-2.7620469325218258
1.0,0.28587028259290737,0.5615170771415602,-0.19047172740960489,-1.0,1.0,5.137058534890905
0.8377086711506949,-0.15128723609718486,0.6273890785058194,-0.5216653075197906,-0.3002318891683048,-1.0,6.5788560893185615
-0.3421327415383256,1.0,0.4982230894035904,1.0,-0.3224998483018855,-1.0,1.6873029796078738
0.6244315986370367,0.8057517181061609,-0.22516085628573113,-1.0,-0.571857119240696,-1.0,3.912809585585328
0.6504201582757507,0.7612124420136024,-0.41791199144204216,-1.0,-1.0,0.7329353968420161,10.278284256296205
-1.0,-0.017638492428376118,-1.0,-1.0,-0.3165752048690149,0.353310523469104,-2.7522466757545585
-0.26140270646740715,-0.8716396068652131,-0.1301615291077144,-0.17157646075087096,-0.6120571985898589,-0.4497953976134976,-0.23678177920540056
-0.9208695900909047,-0.8394765143510498,-0.31762807674084503,1.0,-0.01580988106876491,-0.6594664360007534,-0.31052698649508126
-0.41259220483174425,-0.8156893488633113,0.7192537341231775,-1.0,0.3134715769125045,-0.19474728574976632,0.5181176307129799
-0.3817833661263834,-0.17567021047178755,-0.02562726290045214,-0.35300504529431054,0.8734308033696754,1.0,3.4786656423598195
-0.7887116199677191,-1.0,-1.0,-1.0,-0.21140575538131967,0.7829573784066552,-3.9096973997622113
-0.5505791513007297,0.7311940836406552,-0.6761298778289023,1.0,-0.7756842640836443,-0.47785145134421686,0.460793097006966
0.6524530807118927,1.0,-0.12724775766193952,0.4451719243974282,0.05784001558328869,-0.18190507619489715,0.5678416391105572
1.0,1.0,1.0,0.7674950485787055,-1.0,0.4371498952478718,2.616668892681856
0.20660582425820978,-1.0,0.5332917600579021,-1.0,-0.8206311320843158,-1.0,10.492049037567876
0.08315461600119223,-1.0,-0.26734172205104645,-0.005260103818966633,0.02524073283721673,0.6312409565304556,-0.7744782224395071
-0.08222504278706819,-0.40209827867043507,1.0,-1.0,-1.0,-1.0,2.586742253610881
0.6462856099726503,1.0,-0.6863244128543059,0.3366587653974336,0.28764300691553235,-0.14278116072405012,1.3769031654803312
-0.7488816041195298,-0.5021412685839373,0.9554213368586577,-0.9490177433966485,-0.7978136686530894,-1.0,1.9075903932734972
-0.47706651568502073,-1.0,0.691170266820527,-0.9066400931902142,1.0,0.8632282021695774,-0.31552708246742495
-1.0,-1.0,1.0,-0.3288576134351966,0.9287943823246466,1.0,0.3377369175064181
0.2698153931996191,-0.09281366621450848,-0.14032488551051195,0.9385275634326181,1.0,-1.0,-0.5574433047234673
0.2751080807735473,1.0,1.0,1.0,-0.320035979933677,-0.18513004283659756,-2.501480654642754
-0.471349227428491,-0.7474409939200503,-0.0625811730618078,0.8846248874122262,1.0,0.6677385822778212,2.2542849163672796
0.5411240395216111,1.0,0.1248456228133149,0.04730973922379744,-0.3979924458329762,0.42923589265374185,1.2072987014965517
1.0,-0.23234440758554675,-0.5634363755750005,0.2940324350749658,0.09968103040783627,-0.414216976002848,1.4261004955885783
-1.0,-0.6862253598134367,-0.3426363516895916,-1.0,-0.12421002240605272,-0.6955998386520041,1.6360601409974609
0.9817996937925689,1.0,0.6100692509132637,0.9737600222934133,-0.6881626328230249,0.8955898136690494,2.449704834781688
-1.0,-1.0,-0.021171581327726785,-0.4463528585053833,-1.0,0.04076533885377043,-0.7140039517948937
1.0,0.7683409222783293,0.004123330472881825,1.0,-1.0,0.8041134298342272,6.847331646412131
0.9768167387898815,-0.5081350293250847,-0.9818982349896836,0.1354503585011268,-1.0,-0.08618204737038412,5.051507797827069
-1.0,0.33014423905674534,0.8891171088080227,0.47923380384575387,1.0,-0.1492048278308984,0.34022403495406894
-1.0,0.18047408585580427,-1.0,-0.40665950688785213,-1.0,-0.7864886514208409,-0.7006532871084525
0.358690156909796,0.8425091230242048,1.0,0.5889105681412559,0.8573915908998936,0.1858032677043049,-2.880700409148661
-0.26865050719946226,1.0,0.24070956610705907,1.0,1.0,-0.5230752612357212,-0.07484530391995392
1.0,1.0,-0.48557492538787533,0.5049971247677569,-0.9838149395197638,-0.4899542484332824,5.414502825803727
-0.377129564563323,-0.8809437292337556,-1.0,-0.7811635078525107,-0.19644742386631897,-1.0,4.043178355790785
-1.0,-1.0,-0.4720106984399526,0.6821365955981847,0.5901827362300178,-0.36202634381274995,-0.9807527125342254
-1.0,-1.0,-0.35838065885658366,-0.5951479487420885,-1.0,-0.5706698729811224,-0.15368296336499132
-1.0,-0.4065083498209887,-1.0,0.30877110917800876,0.2319953069452646,-0.11628533630203647,-1.1649024011118623
1.0,0.44733457068951976,0.5848906015842619,1.0,-1.0,0.008583390958725297,3.673497981501748
-0.6408952159868271,-0.6665064829173512,-0.30488778613637235,-0.8043884659949215,-0.12164302734472049,0.41890042636791935,-0.8460643597390273
-0.5289033479188561,0.05021751394019591,1.0,-0.40061798505941915,0.6208724297992804,1.0,-1.0652429386687514
-1.0,0.1193791422342777,-1.0,-0.2845146901800041,0.5651644172000048,0.28802729604069754,-0.11651534865131952
0.17432828544525103,1.0,1.0,1.0,-1.0,-1.0,0.9520780803877411
-1.0,-1.0,-1.0,0.18890695041763095,-0.31321775842916566,0.28965832959965865,-4.950276440859071
-0.012482145218286667,-0.09048367437993599,-0.8418285787696851,-0.8519833839938289,1.0,0.46625303635979676,1.1761249986972935
-0.08016693810769038,-0.7726099835388222,0.4777782515144937,-0.08462207483680373,-0.02682043519678029,0.26271875935385713,-0.0994466857262806
-1.0,-1.0,-1.0,0.012306125365834253,0.9425005835915083,-0.1438898534988186,-4.458851250377684
-0.22638803108338856,-1.0,-0.17520522487370715,-0.7424637853388818,1.0,1.0,1.07076022579261
0.19424778818556576,1.0,1.0,1.0,-1.0,-1.0,1.896308288911361
-1.0,-1.0,-0.559097863513353,-0.30509922386132127,1.0,0.26833811151615294,-0.4849008947488735
0.09241957372675313,-0.16893873784490337,-0.44309183574624067,-0.10091511477551801,0.9502952517279546,1.0,3.3399964124831047
-1.0,-1.0,-0.11456196012210262,-1.0,-0.5322262280730812,-0.17168503171684674,0.1264236196089892
-0.5432965141519869,-0.3307815346658838,-1.0,-1.0,0.060800577794242194,0.32198206193461487,-1.2575995439932015
0.764704376347242,0.031294994579907975,0.40016810712123063,-0.27896767475949535,0.63902009232914,0.6400992878187178,-0.9118786153853797
-0.35427775139753415,-0.9543455794924063,-0.9347539841910573,-0.36466845125890623,-1.0,-0.8149020242836804,-0.33841790194069166
-0.5899193400250864,-1.0,-1.0,-1.0,1.0,0.4126013210689752,-6.014298644515581
-1.0,-1.0,-0.578148330653969,-1.0,0.7011415824797843,-1.0,5.3920945786018395
1.0,-0.7364294863427285,1.0,1.0,-0.2371615700750771,-1.0,6.331366033264665
-0.24229296592475483,0.24704146762852297,1.0,0.844463829327895,-0.7787800930240691,-1.0,1.44150574125625
-0.8578343705532814,-0.969810890848678,-1.0,-1.0,0.5633897744776323,1.0,-0.0796281104597989
0.4345149197754328,-0.13729107943863172,0.45158315620031064,-0.21083669234855895,0.9801700068676449,0.013723302539442428,-2.4130108079001906
1.0,1.0,0.666991441092365,0.5896963194227232,-0.4892260026208076,0.6613263470519248,-0.5330572395865141
-0.3434712756259408,0.2761429059485599,0.498395138502842,0.2755742479393837,-0.19696004328322325,1.0,-0.1940291655122497
-1.0,-0.8398843097831719,1.0,-0.5746253126890073,-0.05451372458710424,-0.4886448775597367,2.7412006779229316
0.39484931153364433,0.9108847930888583,0.7007913469764872,0.32110082348531155,-0.23227544202208505,0.7060623152788121,-1.5405758183831675
1.0,-0.5341432523141472,1.0,-0.06925040062605214,-0.18225092178948316,-0.9324474093045797,5.506591622688926
-0.08289983040154492,-0.5823676598665203,0.5321131424180473,0.7520049266245328,0.43521455742727805,0.8990718525741183,0.90359217166419
-0.05528006330545765,-0.3235022158694296,-1.0,0.42973005054472213,-0.6167537155397764,-1.0,3.2468348892653065
0.04125785672873167,-1.0,-0.3878517265773642,0.45882137516076876,1.0,1.0,4.419018948301258
0.014646974658439005,0.045307128061674806,-0.08357312072090106,0.9428083772080421,-1.0,-0.5837571174879689,1.432276036166684
0.682092263925931,1.0,0.5765304103862836,1.0,-0.6061021185913343,1.0,2.1385689268671593
0.7828783067111651,1.0,0.3646211840719058,0.08209298965278611,-1.0,-1.0,3.979728977375899
1.0,0.7291951552343965,1.0,1.0,-0.5003056726610753,-0.3644238400450215,3.5765862906107757
-0.0037172574973372563,-0.6155418307392455,-0.5278605522495201,1.0,-0.994529907227891,-0.7725770076842833,0.7289060812526985
0.764672270717139,0.7587398597854754,0.6287929650528558,1.0,-0.9348625552989155,-1.0,7.748493434759043
0.8287557304065672,1.0,0.3844276920474717,0.06615026239365362,1.0,1.0,1.3335614445584938
-0.33562935313398484,0.4099035957611121,0.02595335441947655,0.08372462267670344,-0.027352917587964487,0.7163225998215739,1.50582865565654
0.8630051774013441,1.0,0.5525656345627643,0.8778797906490639,-1.0,-0.3604647212926897,4.721345130942777
0.4521057885767664,0.05640482842946759,1.0,1.0,0.32229127677754965,-1.0,0.5056180089268374
0.3388630576535153,0.997558351393592,1.0,0.049877404240234124,1.0,0.9009597820789379,-3.387414739420512
-0.6070218037516314,-1.0,-0.0013876888940909105,-0.80759752847714,-1.0,-0.16451124503519599,2.886326717976908
0.8690622756108013,1.0,1.0,1.0,-0.6938599477954913,0.10216414588138356,0.9477326557379185
1.0,1.0,0.4258689707890856,0.1890966684439166,0.4047914064581393,0.43997163126558697,-1.6244280478567625
1.0,1.0,0.2092034265153282,1.0,0.16427845776290065,-0.08312085957982895,-0.07136184726938302
0.7642046425377574,-0.48551624080978356,-0.06553565498285735,-0.5924998533270002,-0.25479952942122297,0.532194417275694,0.6931144006851058
-1.0,-0.19574606440165065,-0.7500397658428484,-0.6249051972393667,-0.5289858613787931,-1.0,2.1287511860702333
-0.43120354387386073,-0.8067775380868507,0.9296343252557855,0.12356426973826634,0.4608009240622253,-0.20461993267424305,2.097265616576489
0.3633538891816567,-0.25415120242175976,-0.9542530818220711,-1.0,0.6771250709495465,0.05615406043537097,-0.6077241687294916
-1.0,-1.0,-0.907400913165743,-0.9027883053841483,1.0,1.0,-0.17460726305799681
1.0,1.0,0.12393675606902604,0.07806690575717373,0.9470228029535857,0.21535745688283225,-2.356854258127584
-0.5686645650709342,0.4925225665369454,-0.29063658073463083,0.741078382492914,0.4716320656964774,0.2043647577730472,1.2652454891430738
0.1304577406682591,0.9669230321723037,-0.22021535835163009,0.8154077417574608,0.6771721785675792,-0.9757764663856374,2.071911796293114
-0.9584838783212348,-0.0004901203874164428,-1.0,-0.029192472407238435,1.0,0.5542644618332745,1.4758552912497156
1.0,0.4876241185002499,0.7309180082782205,1.0,0.6337369134910543,-0.6603495802953023,-0.4181056190140022
1.0,1.0,1.0,0.8598600731334098,0.19894914171660416,-1.0,0.77039805285814
-1.0,-0.4383959942745501,0.11613528845250595,-0.3828518737820126,-1.0,-1.0,-0.11299211275563259
-0.9263145131633148,-1.0,-1.0,-0.8902422352461381,-0.35783523158720354,-0.050371533746156036,-5.376215599584351
-0.03733956465865344,-0.016617751727040497,-0.22416661071431052,-0.09909018591343732,1.0,-0.12373286447767984,1.3203010754823912
-0.8107715305930733,-0.4927132999560814,-0.918684725094972,-0.19837254836795792,-0.11407025382273694,-1.0,4.865410429056445
-0.6113203052050702,-0.30198961099137656,0.6249266430305648,-0.4718107905498759,-0.448678402916884,-0.32754414993537617,-1.0954333419086915
-1.0,-0.4996849351475523,-0.967562190349132,-0.32874951180496514,1.0,-0.2970824706601746,-0.4257740872461391
0.40395120835323284,1.0,0.4064824119695269,1.0,0.401164948780543,1.0,-1.0788292311045693
-0.03921094691224734,0.5090317234709936,1.0,0.5406011568101933,-1.0,-0.6000035976011932,-0.8691031662828672
-0.14204460104157007,1.0,-0.5967781087391694,0.6039014114455241,-1.0,-1.0,3.941112643555894
0.520870436976785,-0.7932037612197764,0.05669119283505272,-0.17837131788203275,-1.0,-1.0,7.565994544092192
0.32312132548660255,1.0,-0.19535553455966448,0.7357533465901475,0.4404395771849103,-0.346651626989971,0.5437323575168638
0.02782428049306951,1.0,0.8520984905774973,0.19645836095260094,1.0,0.028127173039380282,-2.2622578907237574
0.8481957962031854,0.35289020250884806,0.7385980522664212,1.0,1.0,1.0,-2.608808237646769
-0.5115664853442772,-1.0,-0.005125182794905481,-0.05867829534276986,0.626898393790709,0.8231196962579932,1.71473539338005
-0.4511308277627426,-1.0,-1.0,-0.6861974747881987,0.3529925485365939,0.5153118861980447,-4.990061077323516
-0.227902786745107,-1.0,0.4543544698459513,-1.0,-0.2774716117352557,-0.19313656191545436,2.9833974688769875
0.5465180651474852,-1.0,0.32814773097181843,-1.0,-0.8563782135859352,-0.9639243597084008,11.899578211281643
-0.17118959326561034,1.0,0.37876295286149375,0.2541003676181118,0.26829175489042645,-0.33253828438973554,-1.1917197159917863
-1.0,-1.0,-1.0,0.7999466458184374,-0.20446153674545453,-0.1490468500750114,-6.650394320452226
-0.24560631266784616,-1.0,0.19861543770262946,-0.43104812136764104,0.21873215936003032,-0.10684360117060998,1.1067620499012445
0.14909157215047353,-0.20059219538433315,-0.7946476097651864,-0.7890157996760718,1.0,1.0,4.420531175362054
-1.0,-0.06007541853092291,0.07134038646732144,-1.0,0.6480595710030146,0.20853987160350707,2.239560456288438
-0.9350739944763151,-1.0,-0.7828979283904332,-0.48986125271585457,-0.7400288276007309,-0.6317176309645532,-1.1405627206226303
-0.44810220272465684,0.5026205721200663,0.34130993420101,-0.1552500712876539,-1.0,-1.0,-0.7662974954619677
0.21512857911683603,-0.06827268257532115,0.4839617609389333,-0.9405921112254148,-1.0,-1.0,3.7397800266873036
-1.0,-0.4646631803267458,-0.13225127530662564,-0.3069271336054542,-1.0,-0.43029202136772865,-2.448430319798595
0.27714440257284667,1.0,0.11085805680825445,1.0,-0.7349011442904521,-0.818592073938762,5.986376651450963
-1.0,-1.0,-0.24043547679637567,-0.4659651911165378,-0.21892765899774203,-0.4734097232502352,0.9523310157010288
0.4963847068369965,1.0,-0.044187630496660246,-1.0,-0.29277753052684563,-0.20077825512400072,1.4225529619432964
-1.0,-1.0,-1.0,-0.31439754646459095,0.4705122378011978,-0.27814136482742996,-3.9337175154715363
-0.4064461733028679,-1.0,1.0,0.13355318528728682,0.6609539512021757,0.2526679091467764,1.5643532789847603
1.0,0.05742624104921457,1.0,1.0,0.8245209592670856,1.0,-5.913310821332725
0.30055230678720846,0.5970104170075912,1.0,1.0,-0.12295082050271844,0.07529180681619074,-1.4541730797622152
-0.5711501657695996,-1.0,0.6972835373417667,-0.8979202979302154,-1.0,-1.0,8.132819132243267
-0.34780141992122204,-0.36899537074388106,0.235819562794911,0.40928432009944915,1.0,1.0,4.105318681656912
-1.0,-0.7308558304668868,-1.0,-1.0,0.08794199230325815,0.2974564198109116,-4.678713642234692
0.6104991850138903,0.10616252319818997,0.04414239406344822,0.28790009239203596,0.012687016905550519,0.6224145231331909,1.0228967687502664
-1.0,-0.8416009679119428,-0.18933858179043095,-1.0,-0.8656217590131434,-0.2483604083501183,0.6766476101758164
1.0,1.0,0.17364056248561144,0.5873572405304741,-1.0,0.20157033334927354,3.600197696902139
1.0,-0.143505754158346,0.670601544362937,-0.5493724146183594,0.5750456270035417,0.7143875306490205,-2.486565765361385
1.0,1.0,1.0,-0.09113903762930509,-0.36978908671253774,-0.32162662309607015,0.08067701271949135
1.0,0.9592077713598227,-0.8156322017584423,0.3283254618572268,-0.32603105167521024,-0.9373382740207883,4.600352718144877
0.3063756216735385,-1.0,0.3972970925219213,1.0,0.30034990495633007,1.0,4.743958481084285
-1.0,0.339297516761851,-0.9229602419261412,-1.0,-1.0,-1.0,0.6132424886331609
0.7343180777073313,0.8337372225228794,0.8961591077010587,0.6199137404412016,0.2321139525934428,0.9601636890252752,-3.1427715166950776
1.0,1.0,0.009822559284487054,0.8268452405905413,-1.0,-0.7986550655345775,8.369530486876233
0.7107098546841546,0.07155197368129296,-0.5448078944847647,-0.3884125046046053,-0.5092400500811716,-0.6539941765115047,2.4527413741463686
-0.17662154353017423,-0.42296594795507686,-0.5031315595716663,-1.0,1.0,-0.2630043137284793,2.538013067992747
0.7974329030803012,1.0,0.986582216387743,0.42563729193730016,0.28733236083846236,-0.6171196504262267,-2.1356886360470875
-1.0,-1.0,-0.9040440322302925,-1.0,0.9160898417919455,0.411707128931712,-5.189486369535648
0.8566442888641366,-0.9152687797367877,0.10415117306126553,-1.0,-0.3408779206957421,0.6872795998351591,2.833489034134277
-1.0,-1.0,-0.062343257229551585,-0.002897554357823351,0.024159924581688808,0.09670284139233276,-0.02858065949480365
-1.0,-0.9230842587995088,-1.0,-1.0,0.5904026332488352,1.0,-1.4971451268847271
0.612967323968708,0.3009158925279042,-0.46361553966357855,-1.0,0.37359826104907184,0.3796221353494075,0.5226634616600615
-0.9127769316692761,0.027745843669354037,-1.0,-0.8506337729351715,-0.36818731991387516,0.7549616182455493,2.169376271472392
-0.5793509997214644,-0.41214122673921505,-0.1583975254391793,0.42566102084650487,-0.7391034208725655,0.5421316209166285,-0.2281819292898964
-1.0,-0.548195928443004,-0.28694366057930276,-1.0,-1.0,-0.6699324357672276,2.894388598360495
0.7652427414094232,0.5671946229413416,-0.20758595223862306,1.0,1.0,1.0,2.7134236560047125
0.7089848563323006,0.9487020641530697,-1.0,-0.5334765510310429,-0.15241429230921927,-0.19207576318349207,1.6055808605113735
-0.34563761985967045,1.0,-0.6613663472421961,0.6393800604589664,-0.865967648045366,0.7180564882119762,3.689191065219168
0.2101968866392519,1.0,0.4913924993053989,1.0,-0.7674558713258737,-1.0,5.485214418783704
-1.0,-0.8741934459555762,1.0,-0.5365633439102306,-0.32652217406376194,-1.0,4.5349732263773666
-1.0,-1.0,-0.5819973960114205,-0.25175482290042994,-0.1853427428134866,0.24067313014921,-3.0737441943867583
-1.0,-1.0,-1.0,-1.0,1.0,1.0,-1.1684288644336458
-0.8044679514147155,-0.035563618422392404,-1.0,-0.004561973031414368,0.03840944775487243,0.5270981609786134,1.4633966734683845
-0.05093314597314924,-0.8138787930750474,0.12305129282206789,0.13909178391764093,-0.06988831423671085,-0.8111768064047304,2.3317446624079867
1.0,-0.7222689571220795,1.0,0.7335499000443099,-1.0,0.15378157709244955,7.031908604796573
0.6983405140470699,0.3559967930879857,0.25600881823906096,0.4644876966956555,-0.6009300605165612,-0.3115727122330717,1.2261368500688858
-0.04575708798934319,0.1160127483377742,0.6625923735312143,0.03971649114513953,-1.0,-1.0,1.775070219969539
0.35313563835447837,0.09353556128926865,0.8120234914735842,0.4420623142299134,-0.8168119539916526,-0.1536442511744352,0.7697361046416294
-0.487213110936215,-0.5808485684458149,1.0,-0.6356973472834417,0.6312977818571486,0.14962574718564214,-0.042729076811355626
-1.0,0.4878400558352493,-1.0,-0.2701040713771634,0.4144216131617502,0.511551199642904,3.649652249705556
0.22453334533336022,0.311885051114825,0.0866706685550227,1.0,-0.6549051363348586,0.2916074200377031,0.6214673259220955
0.2669449641577869,-0.37312992875075934,-0.6756717913809338,0.2724444695052769,-0.7036407806870647,0.36487509271327545,1.742382158287097
0.20568320128871354,-0.5936339878734986,-0.6237381421498247,-0.4968224473574057,-1.0,-1.0,3.060668944272244
0.4047573737338097,0.2500358129959501,-0.4231294159075443,0.027918934447095922,-0.21022074283914116,-1.0,2.7890010571298607
-0.6088392755630063,1.0,1.0,0.6534877176362133,0.28246520723218904,0.29685988338520686,-4.62656071325803
0.2156019356577421,-0.25919484612078375,0.14969918954594613,0.31512355231187095,-0.28878320501341626,-0.13310016736042896,0.16399705513114757
1.0,1.0,0.9840898548010776,0.6745138394193713,0.18135591039577015,0.9587475046026213,-5.339603368248891
0.5178667808747133,0.46806058680478224,0.3207357896761818,-0.829802234485446,1.0,0.5376004214547399,0.9469998333254737
-0.263912222937093,-0.22803624976833647,0.5678015779170326,-0.43236513429477036,0.06451193459816773,0.10379199029486363,-0.06402837756871652
-0.10157527559807789,-0.05736560214090747,-1.0,-1.0,-0.34260633620568903,0.10360739813393871,-1.5725818125935564
1.0,1.0,1.0,0.2089537029571248,0.09685547432515185,0.00185555328553888,-2.0098335077887635
0.68129386277974,-0.02645836497930397,0.6314859187116297,0.8675701859805496,0.4627156630748935,-1.0,1.8429537216517273
0.7379163427017357,0.7651995785093235,1.0,0.888228081547026,0.13833184872844126,0.8555155488450383,-4.721791071106653
0.7819898244447707,1.0,-0.39323130558167285,0.5775509252019732,-0.9339581382761828,-1.0,6.392175083763693
-0.29798418467141324,-0.42786495784173556,0.9121003277633959,-0.24064039752842575,-0.6519290803117939,-1.0,2.1898524833747413
1.0,0.43472114174919796,0.09980782121741491,0.3824237415483397,-0.34342307948462614,0.07903190255452208,1.5969696762331314
-0.9622633117605726,-0.2907912368797836,-0.25162325922235484,-1.0,0.9325177757872283,0.44071987493805487,4.795684070679688
0.7349702237193312,1.0,0.37650592479422595,0.6013577226276409,0.5234651366205192,-1.0,1.6870514754814794
0.321815409032851,-1.0,0.9259500259539724,0.5396510996029913,-0.8831616672367526,-0.29342772737263384,4.117193623487387
-0.20512104359642647,1.0,0.306960475532862,0.8745461563318127,-0.1324508300401523,-0.23039669554851439,-0.40471852537173614
0.2934190363932001,1.0,-0.9748797690738344,0.1005684794977405,0.7161161874426228,-0.39187073711055,1.36720553673318
1.0,1.0,1.0,0.44133368705831133,-0.27317751582972494,-0.04725052696070314,-0.04352218124991869
-0.2787925051431373,0.8503795047644873,0.009352825318796762,1.0,0.6701548853005708,1.0,3.182274279402857
-0.3999404102673465,0.07020377887957505,0.24518981668368411,0.9243380199276123,-0.27582906838552745,0.2594859054596861,0.28952304872161383
-0.5424128310900497,-0.38495853096245375,-1.0,-1.0,-1.0,0.041391836461125875,-0.797501312782226
-1.0,0.028983684608210436,-1.0,0.18944737145615992,0.2502892640028997,-0.8438393511408488,3.490709694986732
0.0712767860093872,0.7275642435639624,0.10650729121319119,-0.7060023412384588,-1.0,-1.0,0.7930935032452848
0.05103093693420857,1.0,0.5144264221196215,1.0,1.0,0.6246832389212476,-1.1355823609297342
1.0,1.0,0.4832852966396959,-0.24070756270019944,-0.10947633121012051,-0.27747279821511717,-0.33915896961692193
0.3175925034764482,0.7321567881988718,1.0,1.0,0.09797560297440278,-1.0,0.9151021585678758
-0.29992259697041784,-0.2809541105878023,0.5919582872326656,-0.6559913482505076,0.2905953391105101,0.16743494938031234,-0.14299952710052027
-0.5115397136777379,0.4493468066655444,0.21996396073760374,-0.7588582934564836,1.0,-0.06481030868673751,3.117706097531854
-0.6926036107366391,-0.39875187259743394,-1.0,-0.8413938122127844,-0.01472373204241606,-1.0,5.420275675046827
1.0,0.21553690233106293,0.8029541548193813,0.825762787869557,1.0,-0.12567854814186774,-3.65013747538685
-0.7535826554319126,0.5963197766893622,0.2671948559205706,-0.28320209280892494,0.08910724002316295,0.10201446203390102,1.301082749541279
-1.0,0.6884458937076762,0.9075440030400241,0.8278722085535528,1.0,0.624708558011448,-3.945820706976467
-1.0,-1.0,0.16257757506653261,-0.3079520772838483,0.03202576209083874,1.0,-0.9103301893971072
-1.0,-1.0,-1.0,-0.2896109534112109,0.1609895888829206,0.8478618626718147,-0.5978806951902758
-1.0,-1.0,-0.0889078566455812,-0.7169130437103333,1.0,0.11788049312428098,1.9749138924288645
-0.24883891817126602,-1.0,0.6621752037013088,-0.6841844200230804,-0.3336620834420405,-0.2869512029375882,2.7439337464538225
-1.0,-0.75986134817757,-0.6333592918293389,-0.04048293527382896,-1.0,-1.0,0.20124464064130557
-1.0,-0.9598273351509914,-1.0,-1.0,-0.7063582345443609,-0.12958275684501525,-4.846528687388984
-1.0,-1.0,-0.8279718192079928,-1.0,1.0,0.30230336912893097,-4.999014071945858
-1.0,-1.0,-0.1612155724307588,-1.0,0.7440803655470342,-0.42630912982698044,2.3176659017531085
0.2839466274954615,-0.13653867948239168,0.12081884004610344,-0.7813902860961836,-1.0,-0.9284419430604613,4.4153737948029175
0.7275127444622633,0.49598288370827315,1.0,1.0,0.4674668921717311,-0.5087428251793824,-2.2519011951380064
1.0,0.21713848541166758,1.0,0.6376329946627846,0.8984869055901554,0.6531676446754164,-6.214489174997031
-0.10594336360522078,-0.25884856363423536,0.7232880484998292,0.09060149852006805,-1.0,-1.0,2.154227174067291
-0.2281093721275995,-0.31971411274171424,-0.900373633435239,-1.0,-0.3680497581193036,1.0,4.6211456021249715
-0.5368109417955566,-1.0,-1.0,-1.0,1.0,0.3808710639118713,-5.621757294134042
1.0,0.057115904311654475,1.0,0.7979735170145987,1.0,0.4707376608412672,-6.240674717229126
-0.7502262691180235,-0.0834732999682824,-0.5350209329702993,-0.06906778135522428,-0.5077320824346688,0.10004131950998729,-0.4131301327325374
1.0,0.6697274247694287,0.07324332936127026,0.09216987400802479,-0.01794305461235768,-0.2519773788008527,0.2780593553390566
0.05642077282769209,0.9548359673153519,0.07942393075158727,1.0,0.9053270809171459,1.0,4.11816660599907
-0.88957955059411,0.4982490636061319,-0.20902678856794127,0.8137859292232759,1.0,0.4082433404045221,2.0832931485734294
-0.048521448098257536,1.0,-0.1594116809442141,-0.06802561955821368,-0.06090852203325192,-1.0,1.852141981542489
0.36355103947764017,0.7593043015747958,-0.1538632369208035,-0.13828958969201932,-0.6056105849442424,-1.0,2.177319118410312
0.042613281355145194,0.42277318820041276,-0.3309595566733523,-0.8698839009915482,1.0,-0.03326918952887542,1.296081597547615
-0.8384474988479078,-1.0,-0.5669995084196491,-0.6735451547766693,0.9322221497062996,0.6960607005047407,-0.4736115152286157
0.5874044504666855,-0.5310283499012978,1.0,0.03211861237884539,0.35634400949017886,-0.9807219204049767,3.005899879311488
0.0916499909963559,0.07509771608103888,-1.0,-0.5247402049085955,0.6611597610251315,-1.0,1.4041003906705125
0.4949922365839776,0.7715697319156121,1.0,0.6364423573323685,0.8389238077013937,0.439359440674563,-4.009383645802953
1.0,0.5459074358140303,0.760178336764588,1.0,0.3203518104512233,0.5474150747173944,-2.565418940139025
0.28944968730898435,1.0,0.5190755742622178,-0.8664913668929001,1.0,0.35740170860839204,1.4371802048378821
-0.2516847637253919,0.7764309622559047,-0.279014211554904,-1.0,0.3192422218578986,1.0,5.300249293407709
-0.5836660223788268,0.06197403629379267,0.9189101040796215,-0.014077352652062558,1.0,0.5023112538001279,-0.6133369796702085
-1.0,-0.9435925462003845,-1.0,0.17274067204435828,-0.7206682357122527,-0.4927914349241146,-3.408852852458232
0.09003588908128535,1.0,0.3302335877856233,1.0,-0.4902184394459267,-0.4982732248136925,2.360397080795916
0.6997466726429125,-0.07297199895838619,0.6902182844992827,-0.9562426629217935,0.5247668107961141,-1.0,3.803559929237702
0.4466383678484278,0.7243903272716634,0.32230116117332536,0.6394972392866447,0.6407139551581027,-0.8535459979510198,1.740602109110041
0.9240951297305456,0.46568253747035143,-0.24103173286588647,0.5006006862330671,1.0,0.38893136737076683,-1.8024702787273315
0.8592841517400878,1.0,0.399025666071416,0.7431229622789381,-0.1024998131749578,0.421096644572031,-0.4272125733915098
0.16090554622331033,-0.6707075968013803,-0.24124782077985762,0.24834860954517243,-0.8575797702600694,-0.8867500065670209,3.454326403911004
0.4232798653701817,0.10947626221679907,0.3208934394452458,1.0,-0.35433731559482773,-0.2610405443522579,-0.27353540590584946
1.0,0.9434225254355748,1.0,1.0,0.2329120340485873,0.4086869567309088,-5.63221889914049
1.0,0.6832927853932873,-0.6487929306516542,-0.24608437788815374,-0.36354440146882844,0.5953484863048522,3.2114279355700623
0.20437367463548628,-1.0,0.7781493231827699,0.15527838757051504,-0.6085404173782953,0.2866501107688214,2.192201162650396
1.0,0.1723857962701738,0.2755306193982976,1.0,0.38314623256530944,0.08659114270443768,-2.632975498118296
-1.0,0.2315170051394379,-0.581563162310037,-0.9535912896303835,-0.40073218824061235,-1.0,1.0246486997576236
1.0,0.7957849096983216,0.7472842011343153,0.4949531686410932,-0.5358014556052186,-0.5118325296150437,2.6924121408817596
0.6794017634765621,-0.3072801177899689,0.3236813054100538,1.0,-0.23287729301571902,-0.7219795363263717,2.9776079954450387
1.0,1.0,0.8961200207122921,0.5026165188900547,1.0,-0.49736069512339,-3.9949542549335852
-0.2914791947708059,-0.6219374110137216,-0.8359549576954866,-1.0,-0.7198620730979937,0.5990476638741175,1.1941839285219165
0.8518632987428099,-0.30561048356943665,1.0,-0.18950968312700328,-1.0,-0.28795262585273207,5.641486872387015
0.9544361262436816,-0.30433308861223174,0.25409345405303996,0.18212981369304593,-1.0,-0.7910812827776278,6.481899532665217
1.0,0.43383597997813594,1.0,-0.6034601527524185,-0.15042681914453665,0.6270724844913907,-0.15551694706915542
0.24335367896969584,0.1908560838149005,-0.07573335524374836,0.2721719358410993,0.0752458785694976,0.1702149419740569,1.0767920155640818
-0.9117553664303342,0.5745229497032617,0.31982545825945785,0.04485847003658805,-0.33764994704754947,-0.229840641707026,-1.0726604541043008
-1.0,-1.0,0.8700436676476085,-0.23771124616203948,1.0,1.0,1.8708136302157212
1.0,0.1811153897817246,-0.21344142504925556,1.0,0.05089274637818564,-0.5167172347175981,0.7079820044906611
-1.0,-0.2576664724742621,-1.0,-0.7942355432924674,0.2652932366888753,-1.0,5.74488177253283
-0.17916968815474427,0.30156331106023077,0.6220587987795039,-0.4078097639992823,-0.0459361071108676,-0.04295396512832772,-0.258382509639986
-0.7267567838533593,0.765995248288265,0.6507509937872574,0.599592814466934,0.20394252728183848,0.5520160675927286,-2.0259460109532323
-1.0,-1.0,-0.7869464871854768,-1.0,1.0,0.2337525436238232,-4.636374286510028
-0.7412605076657832,-0.43791775836838576,-0.5402123964229939,0.17400573861390697,-0.06486875663345087,-1.0,2.7147769616728405
0.4365175602829837,0.8260233723710336,-0.0602099773972129,0.18617829901927532,-1.0,-1.0,3.280135499096673
-0.545609806760054,-0.6563572133876764,0.6168780432223716,-0.553509320739944,-0.0962643745299987,-0.4139261764318991,1.189257763645901
0.6395054910426057,0.3732722736706751,1.0,0.5030503049653317,-1.0,-0.286704409197349,1.7187339254336993
-0.8005101244596778,-0.09897489472440174,-0.6997885063957605,0.38051073480394015,0.1189602892633701,1.0,5.402012852611847
0.4322403998525506,0.720028039352223,-0.3245191698726497,0.020121569076424237,0.4147055397404851,-0.21610728699167214,-0.28836078120786024
0.21802614529961545,-0.6266091409734785,-0.4788883899822279,0.9547586238311172,-1.0,-1.0,3.2097909769638417
0.5323760369256618,0.9803067279190569,-0.8426490980297617,0.8540674893961752,-0.7336887621091893,-0.9320601472708869,6.3726865118710005
1.0,1.0,0.031706068476959115,0.5758609167504973,0.30388149230047723,-0.35699096242725414,-0.38087112817728824
0.33429837596522194,-1.0,-0.4360034059185861,-0.6413800636631262,-1.0,0.9802397635111211,6.434262115228335
0.20148110581242482,0.46842131460733016,1.0,-0.9583954161550514,0.012723834822875313,0.9295663787813642,-0.9048802944382177
-1.0,1.0,0.5081553599796284,0.7272509258553901,0.14640719203880592,1.0,-2.5963879837661903
1.0,0.5708557502430824,1.0,0.9240709423598849,1.0,0.3226952096422384,-5.890399257711104
-0.3145884383524943,-0.628550005300833,0.226125566550462,-0.8905661863654035,1.0,1.0,2.1943345177566713
-0.26050339268050604,-0.06656832243955901,-1.0,-1.0,0.04126338566601173,0.6604003233080413,2.4821136911744905
0.13686984713745282,0.8101259884649511,0.1758835592093565,0.7919902249488385,-0.8680193315437792,-1.0,4.3951526351582
-1.0,-1.0,-1.0,-1.0,1.0,0.10524466837084165,-7.388031320325542
-0.3609199120558977,1.0,-0.2633542689054927,0.3553548784326605,-0.17362734610935518,1.0,4.370278737577897
1.0,1.0,-0.4306305278388435,1.0,-0.6009058631590295,1.0,8.72553612549025
-0.9827437666999708,-0.0014331457274822101,0.2257769763617034,-0.5074721618137141,1.0,-1.0,6.207012936447961
-1.0,-0.25212472854282164,-1.0,-0.29778064089464346,-0.0013637935814916902,-1.0,6.946358563949626
0.3803471531939151,-0.46004081264254715,-1.0,1.0,0.5048829799347851,0.7275042462741197,0.8975720886095628
-1.0,-0.7830168757737102,-0.7655516184595526,-0.9258040500634368,0.5441384150811612,-0.2712113570442333,-1.705865134667417
-1.0,0.8454309139248091,0.20875700659470486,1.0,-0.04205317616575677,0.5002134544089616,-2.3152950383124318
-1.0,-0.07932180104594888,0.27426502119544066,-0.8500297551523784,0.8787392653352382,0.6883591461197324,4.524354494043771
-0.5250905679740108,0.5884887665242339,-0.9771506339642593,0.3764640197275996,-0.7558186295867158,0.3514394679963026,0.3500186504719619
-1.0,-1.0,-0.11791224862339277,-1.0,0.6460264777058085,1.0,-0.28655965268146
-0.3107947046851713,-0.21755114992121669,0.4106230786937918,-0.3696285400686653,0.9481227125672375,0.5516576248603572,1.5306329019007199
0.05575703544016404,0.35180290840238704,-0.8165065089280406,1.0,0.5073035977578877,-0.30145430999090583,-1.4465255723219095
-0.8495084089285437,-0.42645712939366237,-1.0,-1.0,0.05916020093513019,-0.9996597475980378,5.161046907941698
0.7373612796348876,-0.39490055406291424,0.6382226972884761,0.30904358624776895,-0.8251263129843299,-0.4940418475118109,3.5754328216049007
-0.913637216787836,-0.5092629837121607,-0.2783700266796352,-1.0,0.5780376231733394,0.41496114062975287,0.8907475286786979
1.0,0.23258820183864248,0.23323394370545847,0.4839649775823598,0.29600703960268326,0.8504429954973995,0.9003605621113607
-1.0,-0.3837007949399438,-1.0,-0.5749430543140661,-0.23058139798010577,-0.3732558446687494,-1.167488505350254
0.5643543945842003,1.0,0.2812032032079983,1.0,-1.0,-1.0,7.589854720873692
-0.21836923790849566,0.7660751947524069,0.5550558434232317,0.5863436210949722,-0.34704406003780913,0.687786127634934,-1.4821546906424246
0.6851701576365905,-1.0,0.4181272188626877,-0.07615834592409698,1.0,-0.1555895028808894,-0.7263762464354869
0.44563281244514497,0.6206738127694313,0.09204927754851844,0.403300645668492,1.0,0.7486465088943859,1.322896655173804
-1.0,-0.11404686718637436,-1.0,-0.08347256919191559,0.9053236484090975,0.7183649225278179,4.110908889755398
-0.3930758114272275,-1.0,-0.6019616584567216,-1.0,-0.09211446018362457,0.6374767176875538,-2.0012673847248115
-1.0,-1.0,-0.5370904310610646,0.18716209190560018,-1.0,0.16378002268197556,-2.756761996249964
-0.4709521004575888,-0.16661874896536644,1.0,-0.3966904230151178,1.0,0.6632122143229375,-1.290559644370301
0.218491569161535,-0.09804348130281251,0.37561302499942306,-1.0,-0.7546981395059782,0.8999538547621954,4.333794608817439
1.0,1.0,0.5476246027438597,1.0,-0.19704216016332637,0.23460638538867423,-0.24742610525859632
-0.19437949369363774,0.13211768571597765,0.16557869845656203,-0.6058415917856872,0.29170439977973706,1.0,3.3161812881653367
-0.4147671546958038,-0.7448661157873284,-0.8464488148676614,0.13503250260811167,-0.9846424418632596,1.0,4.2696920041079025
-0.9264018495891437,-1.0,0.20361884102558014,-0.29656377487538865,-1.0,-1.0,2.4445789273440117
-0.7051584806661881,-0.4663164262331711,-0.013169707006850995,-0.05488260444993501,0.8669665175943841,-0.22709314999703095,1.9640744721320391
-1.0,-1.0,-1.0,-1.0,0.07044161822695882,-1.0,3.1999925084806384
-0.7341203508520372,0.4318708756553034,-0.5527131976827652,-0.09500539845900946,0.4191606419450915,-0.426443842772083,0.29268803114271
-1.0,1.0,0.6376848426691176,-1.0,0.7841273445949787,-1.0,0.20273470037927543
1.0,0.2543387483505048,0.6478093915785017,0.1857871486097921,-0.5138831465280176,-0.48307558236852033,2.998934680605018
-0.1745841619755139,0.49251352196031734,-0.16574650032098565,1.0,0.49587304532011534,0.9880352893854458,4.237497911061359
-1.0,-1.0,-1.0,-1.0,0.027417733768219904,0.6868790962207967,-4.9948827953272295
-0.04579672839478477,0.6463662070161496,0.078161122090535,-0.17084565661933793,0.9080768457588153,1.0,4.427419078196065
0.4814965288296833,1.0,-0.36724215731201426,0.018276208246097658,0.14573702815905853,1.0,6.103691811433271
-1.0,-0.7518184988464625,0.26248405987678275,-0.7721992172741814,-0.223175835768453,0.11287091786701003,-0.1170189737849382
-0.6387517880572557,-0.12874468182899107,-1.0,0.2054723476971483,-1.0,-1.0,0.5568656558822164
0.7946473364200287,-0.2826713415079322,1.0,1.0,-1.0,0.01741109565022203,3.3523097266855126
-1.0,-1.0,-1.0,-1.0,-0.41549758563379036,0.21073144853132347,-6.326126111995649
-0.1090337128331067,-0.3976541595460464,-0.9823013593057501,-0.09161605107091636,-0.5756750361170644,-0.927437720172155,1.426704944516846
1.0,-0.5021050778344582,1.0,0.7408516733500283,0.5927150016243197,-0.38645911031025465,-0.9223776361626437
-0.5784720678503388,0.7137752298220867,-0.4492079254566344,-0.9026103673811232,1.0,1.0,9.814057832251724
-0.06310053551457351,-0.6026114467719823,-0.8348463146052976,-0.1417183207295854,0.10468111364096891,-1.0,3.1116946975417314
-1.0,-1.0,-0.2683654489289421,-1.0,0.721842468844579,1.0,-0.9660209538431457
0.36240177401651896,0.7931760995320261,0.04323425251454549,1.0,0.28607328415145217,0.17110426087486164,-1.345916192400043
0.24715011030872666,-0.6801435706239509,-0.03855691595966704,-0.9102855577429247,0.07292788065842803,0.8710284327150561,-0.6416228430505085
-0.46893867956823215,-0.6921445913315822,-0.3873292191258716,-0.06537246949552,1.0,0.6934526174441416,1.8711646729231584
1.0,0.8408271597331537,0.05213242683907093,1.0,-1.0,-0.6662576891478935,7.587646739623093
0.20990388280414685,1.0,1.0,1.0,-1.0,-0.8997465927039248,1.4440947981443029
-0.6500053093486227,-0.46767559841344086,-0.05756094729900463,-0.8083686196344642,0.42033599225600526,0.42859242160296596,0.8209652939021572
-1.0,-1.0,-1.0,-1.0,0.573605683686492,0.676693782975256,-6.092003661704339
0.4032837718920457,0.738972106300421,1.0,-0.3810482620743705,-1.0,-0.25460855154630957,-1.1006670862258598
0.8551933097071378,1.0,1.0,0.1695678411591346,-0.5237764121287866,1.0,-2.2403308375631052
-0.948866411654004,-1.0,-1.0,0.12208845226677659,0.08239566780156832,1.0,3.547505174488614
0.10663433513746212,0.29540963703933654,0.24555431400934677,-0.5696519041041676,0.2006154068373507,-0.5939816392460586,0.31624047568916186
1.0,1.0,0.5333351535679931,-0.5729907594693913,1.0,0.6359465876646282,-0.1466273444235192
-0.3827642192852753,-0.49437276536241037,-0.9875276423695509,0.7817316590318659,0.9441770951943569,-0.9287557745968598,1.071108557396986
-1.0,-0.1985846437283889,-0.8621561547365324,-0.974838597439345,1.0,1.0,6.821577984299177
1.0,0.7207521376720993,1.0,-0.3840956179358226,0.5589436601196381,0.20927114177299339,-2.1480946943298203
0.5972621507353093,0.9314932584448179,1.0,1.0,-0.10733917352150171,0.2578945145367179,-2.3735835884702072
0.5796857306090601,1.0,1.0,0.9752019745052853,-0.8849926850022974,-1.0,3.7364789456849463
1.0,0.38973631983097445,0.03384161210253511,1.0,0.4104126509580937,1.0,2.5511865904915885
1.0,0.3939872773707418,-0.10970166745888388,-0.11358653016619547,0.20267775461788895,0.663914355252931,-0.6919542850931206
0.6505379733331816,0.08634917686938509,1.0,0.45333972767023223,-0.6749266220701908,0.9359692878742534,0.593851079779582
-0.9623390292255747,0.08877346762411531,0.6224210098620194,0.08672484709169866,1.0,1.0,2.5937995837382353
1.0,0.24564025473393789,-0.2311791575946558,1.0,0.7110868481224504,0.6680259122298415,-1.2746854446657716
1.0,1.0,1.0,1.0,-0.34200544155429224,-1.0,5.984232051563588
-0.3603457691536054,-0.6366984417515654,-0.2824903247436146,-0.6125030315364628,0.5236285823745559,0.03897445477288608,-0.3110130721695329
-1.0,-0.8709278023673755,-0.017283750908787088,-0.942198285128578,0.4091994932600117,1.0,-1.4788579546982439
0.07324848950782337,-0.400294987218881,0.7947136752287102,1.0,0.9885993615270967,0.5381518758430556,-0.5266748607277886
-0.924800479303076,-1.0,-0.9981409408075324,-1.0,-0.27143107519423804,0.8084467937936151,-3.6891553579491623
1.0,1.0,0.8679064527039038,0.664560931275777,1.0,1.0,-6.208321991785165
1.0,0.44968508445034083,1.0,1.0,-0.4170692864835558,0.031246108007178586,1.3405081224924866
1.0,0.04588263564553441,0.5705292805746678,1.0,0.33740186307925984,0.5436036121423073,-1.0070239055937407
-0.02379067812335417,-0.9431774915623865,-0.32137528186219433,0.36336924340950505,-0.7776327931794667,1.0,2.860672570445608
-1.0,-0.36048650427275497,0.24873661555397675,-0.9828439627517755,-1.0,-1.0,0.7651364425263508
-1.0,-1.0,-1.0,-0.6379630683776973,-0.23488443936447156,-1.0,3.6652475569975262
1.0,1.0,0.3571535386063027,1.0,-0.5327691304544135,-0.050613002727720846,2.456383426198107
-0.06781499366524857,-1.0,-0.15979841060420324,-0.29390336397952876,-1.0,-0.2900334818045902,1.947565399702484
-0.814569742626793,-1.0,-1.0,-1.0,1.0,0.4696167792310921,-6.104876575408601
-0.6972185370192115,-0.6952765334249538,-1.0,-0.2531890210400751,-0.370829726198442,-1.0,4.281790079631777
0.49922241304922965,-0.7638634123636354,-0.3164765880957061,0.402882176618488,0.31594764666671915,-0.8392147381553482,1.0115963678815536
-0.6376516905311925,-0.22395271698326458,-1.0,0.028563976032472266,0.1266443423202806,-0.12259852307663593,-0.13470205450700698
0.274220284732724,1.0,0.9062701305752539,0.9465910422052002,0.6631670264851679,0.09449827411406624,-4.777005318420145
-0.6271973617975704,-1.0,-1.0,-0.7734480989678971,-1.0,-0.7053171548237238,0.14182689962481032
-1.0,0.37044723564188703,0.8344580329376382,0.131937763082554,-1.0,0.7956001133801025,-4.477550863314037
0.26850705991366264,-1.0,0.1751024737308311,-0.5618781078213997,0.4307361349991977,0.6719968366756219,-0.902165500757959
-0.012897004529198175,0.6514558546656717,-0.7516614685231873,0.5661192827453327,-1.0,-1.0,2.3114673971235797
-0.6087206947740276,-0.8344850904574028,0.4313873757420894,-1.0,0.15924881314960304,0.6951634460968513,-2.213250677583528
-0.8534936343939743,1.0,0.3498287909241733,0.044979332253983484,-0.5139259096377119,-0.9126186227230424,-0.45797696615231726
-0.5724207641475261,-0.9321970055910954,0.1821139008779316,1.0,1.0,0.2780265875084864,0.6791123304716754
-0.8106967517800598,-1.0,-1.0,0.6501517036006375,0.14759547206054702,0.8918346428685427,0.5081226346198524
0.03983036145552332,1.0,1.0,1.0,-0.4477895488066783,0.18139561562522988,-2.945512579885944
1.0,0.6883326519391442,0.6117417018702345,0.3844329065896902,-0.39936473503419534,-0.5652037292661907,2.613630098396087
-0.07960780095851361,-1.0,-0.856795310137024,-1.0,0.22036227299586864,-0.18161876371960195,-3.606034942142812
-0.9428301955342663,-0.13238433646841036,-0.04302597756508755,0.06990536853014928,-0.9497584985506415,-0.19965530171916623,-2.194905840675138
-1.0,-1.0,-0.1670520448230497,-0.5256529849690572,0.44872829466513975,0.5606121553190346,-0.897345428263925
-0.9127762335288803,-1.0,-0.5589399460221743,0.6582746054886327,-0.9358965190239956,-0.9521947113153506,-1.6073820422001994
0.2575515049696071,0.227971115548038,-1.0,-0.022844044164443494,-1.0,-1.0,2.0052648924224794
-0.2190697216828938,1.0,-0.06594946204565244,0.2965809497356008,1.0,-0.2682917354216845,1.2098854632996499
-1.0,-0.18042407324404364,-1.0,-1.0,-1.0,-1.0,2.782564169310098
-0.2911795233929634,-0.23988108476322734,-0.3154118822669944,-0.522084326861368,-1.0,-0.44410489650932217,0.3916162312329837
0.7638629554897346,0.8935786653225093,0.7330631661088425,0.612455427938347,-0.42720978083487793,0.7001411149040246,0.10951311778538736
0.04648676227944648,0.17564010974346794,0.9206572194464676,0.03212666116459165,0.6527502710038748,-0.03277002407073282,-0.9876336446865956
0.8357042504289589,-0.311058787243859,0.00011645873318771871,-0.42473926466042067,0.9006799014358682,1.0,-0.12714491864520447
0.14002606405043583,0.7821951600499768,-1.0,-0.036605653001013594,-0.949881366627245,0.272804537527889,1.9846445873671419
-0.46714930655715725,-1.0,-1.0,-0.28204392416365187,1.0,1.0,4.384190290657415
-0.399448064819357,0.396748304854613,1.0,0.22645363767536075,-0.7091176054306235,-0.18703741627166492,-0.6685507533103586
1.0,-0.8325729821617742,0.017043578398982906,0.635744123050859,0.16299849602051664,0.26533942707688785,-0.6228403623427297
0.5601399052500599,0.6829862004949911,0.5159639523189183,-0.3306300404240917,-0.28083916508500617,0.489532117456319,0.9208470734310976
-0.3370877676550996,-1.0,0.31524995941257694,-1.0,-0.6438181288979621,0.9482547243090245,0.9366347389538598
1.0,0.054887701871574324,0.9849187895882165,1.0,-0.3147636317250231,-0.15031815139420224,-0.24754264064365716
-0.6715680003666353,1.0,0.9942734935667025,-0.7024912982300086,0.7787197269311744,0.2993103493009909,-3.3877689041193944
0.9747272800561749,1.0,-0.685264515147404,-0.05125676600636401,-0.9531717165737092,-1.0,5.798392702321042
-0.149776636972487,-0.23121388806851573,-0.5637129042536964,-1.0,-1.0,-0.15963311226532884,0.6569741846500573
1.0,0.9128568284448015,1.0,0.2136251153041877,-0.30513684688077425,1.0,-1.5462170267739948
0.2171787605815143,0.4909327788375679,0.5022785622347882,0.5968740533864959,1.0,0.1119070881518438,-0.905568211954239
1.0,-0.2738553758800561,1.0,0.1798992644533275,-0.16604499413749607,-0.733265601480367,3.9968042996425726
-0.7416398006746718,-0.018141004851583986,-1.0,-1.0,-1.0,0.47049993117341177,0.1032877604335305
1.0,0.3244591284249584,-0.5885999668645344,0.5401970756357214,-1.0,-1.0,6.655327303809936
-1.0,-1.0,-0.2751650674818513,-0.441498181039518,-1.0,-0.34559868200271904,-0.5975252248324405
-0.9772623882486553,-0.14791087582357443,0.22503201949446003,0.7994354594309433,1.0,0.15721405915369746,2.5773048112416213
1.0,1.0,0.8118702871584678,0.6239776534846828,-0.1446554418881459,-1.0,3.291885959103361
-0.45199983216337003,-1.0,-0.681317808135184,-1.0,0.5221421875349223,1.0,-1.4899984108306137
-1.0,-0.5170589217579263,-0.3295168220396512,1.0,-0.08010984648308356,0.1818860944903623,-0.9945754316013133
-1.0,-0.41536472065247754,-0.10074348873641412,-0.1426092383942993,1.0,0.15337385292371764,2.0952550479985415
-0.32622085194714945,1.0,0.5578196668649755,-0.12167561496113888,0.35318541905882117,0.1037916688237267,0.5524694738455715
0.2998478556104871,0.33818305025101136,1.0,0.29388209893140127,-0.8836227563663923,-0.40287574027873596,0.5669162325151185
0.12421115899651403,-0.001543680088254562,0.11832267881640879,1.0,-0.24148616168191706,-0.9547931042472427,2.5042652147301414
0.09130593697933587,-0.39814497922027936,-0.9946915175440695,-1.0,0.01859842695654801,-0.19287778437828984,-1.2445365637236863
0.37815318011564747,0.8604461120788229,0.35970307993598816,0.7281830741881097,0.7613446303400423,0.6905254051225356,-0.6363351094825217
0.6207665982702588,1.0,0.9137510626085406,-0.6792120250903362,-0.522869946591132,-1.0,-0.48779623696184243
1.0,-0.05267804687187361,-1.0,-0.2919901227636432,-1.0,0.5750867956799939,6.100197464398747
-0.36485469553104577,0.5906576950738833,-1.0,-0.4225559994266479,-0.4474023345118105,-1.0,2.6592367947190425
-1.0,-0.7029297138355303,-1.0,-0.40763381203286886,1.0,-0.14814796922269166,-2.9547918784743947
0.08940168533632295,-0.019204318886816507,0.039025643449252856,1.0,0.5513588508953073,1.0,4.123263348768308
-1.0,0.7470347778392162,-0.44861780381324423,-0.19227360411209193,0.6332324484169775,-1.0,5.007522362022272
-1.0,0.049835764102188485,-0.7029657908534579,0.5886315524987356,-0.896062673128605,-1.0,1.3280927567108918
-1.0,-1.0,-0.5722206219559348,-0.8226074420642482,0.2618845128808333,1.0,-0.5094933381962465
-0.512532842406192,-1.0,0.16624959248641202,1.0,0.5883812946531395,-0.4433791086283241,-0.17651641823984104
0.1226932847226716,-0.2976400158761912,1.0,-0.5806688510804798,0.7147058983438513,-0.14227282200904678,-1.0678317660971324
0.9598887852973785,0.3138421196362886,0.46135847091928595,0.4209204852925261,0.8591292694633256,0.24975272599455534,-3.2078493452767756
0.37159101511971854,-0.8475458948342871,0.7005863892712618,0.7750581538678936,-1.0,-0.3291448933918324,4.077123914675477
-0.21676883255345125,0.06557469524325166,-0.13317952275613526,0.3588569656749643,0.019488124575522736,1.0,3.3898670965275173
1.0,-0.19736951176432083,1.0,0.37761132203621783,0.0007476254820119044,-1.0,3.029183350511315
0.5694168547679077,0.743559301114024,1.0,-0.02447665123690701,0.09720954700918646,0.5543625429506648,-0.7998211472199939
0.4670299410240688,-0.4652978888354318,1.0,1.0,-0.9761497541378343,-0.44965511444690887,1.6938066716402427
0.5885066077750549,1.0,1.0,1.0,1.0,1.0,-7.873188628479678
0.46149965474034066,1.0,1.0,-0.6798999627392457,0.21358952057372527,0.3566739622816839,-2.094192059903808
1.0,0.6462578429573302,1.0,1.0,1.0,0.25475780648885493,-6.600351332452439
-1.0,-1.0,-1.0,-1.0,-0.6695547272774122,-0.1586113203467095,-3.646378053568336
0.9669170558621041,0.35171288369093223,-0.5154489315526734,0.4221632992298038,0.18697639409593259,-0.9467340496643402,2.5459705434632767
-1.0,-0.7906148210412862,-0.4646824929046258,-1.0,-0.5083102658397762,-1.0,3.8813447709040862
0.45712737260802183,0.3928653432691842,1.0,0.5098897032899781,0.857600945760818,0.8429300682486693,-3.235587070322479
1.0,-0.3973884537497058,0.04500842012413808,0.8303788431856742,0.21739533493275287,-0.4701501391581834,1.4578140951528347
-0.50301110039296,0.6681133038605604,0.3486818802126742,1.0,1.0,0.6832119665768646,2.4074723535714515
-1.0,-0.0696271375036932,-1.0,-1.0,-0.11084180717464043,0.4526262721601025,-0.9933007192792411
-0.233796720279959,0.22473537772643115,1.0,0.4861463379116986,-1.0,-1.0,0.44994402824246393
0.1889817632625448,1.0,0.49373753218310584,-0.09946617305792238,-1.0,-0.2767442788372285,-0.34763839248935735
-1.0,-0.1441314218519525,-1.0,-0.5918579083745747,-0.3005976416602556,-0.2864714597836713,-1.5446433370259933
1.0,0.03886180065445144,1.0,1.0,0.4264790450675292,0.2024062077873362,-2.245043259419139
0.43123893510710554,0.26175130959484727,1.0,1.0,-0.17932697022859068,-0.9738883882105537,1.3641816043537431
0.7040772469237264,0.30927641630045155,-0.8044272250513902,0.8813161462784327,0.6199169470444025,-0.0841433932887449,-2.1052725734731816
-0.6305015984074765,1.0,-0.8891346322697231,0.2480508659685931,-0.047987908231465363,-0.18788281914695215,2.467950303892533
0.6432119420763958,0.29310262692229316,-0.13851852581842028,-0.06013958727077906,-1.0,0.2654113475055322,2.201531714034755
-1.0,-0.1511191359776316,-1.0,-0.3277503129798741,-1.0,-1.0,1.0989797155472998
-0.48442432096169985,0.4890722965561928,-0.08201016861052793,0.9553693607845508,-1.0,-0.19676303817735885,-1.3872919473161818
-0.28259261143472525,-1.0,-0.8961777962633581,-0.011774595945215571,0.9702595253708243,1.0,3.1187822382921437
1.0,0.1458479721840753,0.5198446914650903,1.0,-1.0,0.2825938929155962,3.1110664343376797
-0.024487670744375745,-1.0,-0.33545238773058306,0.07115674237872169,0.901949142775808,-1.0,1.9586685191125293
0.4192982556712046,0.3744201317011437,0.10979414273982502,-0.17741634418229235,1.0,1.0,3.095348255099299
-0.5431025464939787,0.7401449722140441,-1.0,1.0,-0.4011395109816758,0.10569515714136443,0.2761980368740895
-1.0,0.5587826785501804,0.4930633043352442,-0.30502119396862026,-0.834738110944155,-1.0,-1.95459394229845
-0.699518469233756,-0.44336720184892264,-1.0,-1.0,-0.749919596763541,-1.0,3.2428065556932437
-1.0,0.8772446010593529,0.20028793124295452,-0.8541608378794167,-0.37294202941413596,-0.48451615933679926,-1.7989039338569177
0.538255716166024,1.0,-1.0,0.5184894979571247,0.3428518876668025,-0.24040815919536554,-0.013424747173768181
0.9370153048167362,0.5509693395777676,0.1531474364928449,-0.14596212787687624,1.0,0.9000786529070768,0.048976450729836335
-0.050220135482134776,1.0,1.0,0.8977997858607583,-0.04020916962056581,-0.3687718122020197,-3.0846275886050796
-0.3483354374940979,-0.43777749087465323,-0.450381800355942,-0.5324041788374771,0.05847531585253063,-0.003951615174210388,-0.8023161822458235
-1.0,-1.0,-0.41701820194113387,0.1299017892656935,-0.6968426213849366,-1.0,1.0890470418391924
-0.45239717719428396,0.3096841011922771,0.40019398090948344,0.3990942563382775,-1.0,-0.654371930748942,-0.2721542272281696
0.3485602648425702,-1.0,-1.0,-1.0,-0.09193069787636568,-0.22129092948136786,-2.4492750792027445
1.0,0.5797582015611606,0.7673298663678547,0.4389035771999591,-1.0,-0.3690502488952154,4.5853969083115995
1.0,-0.27071061154364295,-0.20034599535855546,0.10386506761890618,-1.0,-1.0,7.718033838464038
-0.07045618205908331,-1.0,0.9822609602397325,0.12589309958026657,-1.0,-0.7475365341583053,3.2141653939331336
1.0,-0.6549111742110285,-0.9367414242334122,-0.6446556141737307,1.0,0.4879751191438585,-4.584867817585213
-0.19496549845345335,1.0,-0.35412695263995597,0.15654407583783447,-1.0,-0.06734103078657494,-0.12384849010787086
-0.45416946431817856,-0.5401872220185516,-1.0,-1.0,-0.9622343702848147,0.11970760769860822,-0.13141408926633236
-0.10407567439992516,-0.044322638889682464,-0.8224351726307317,-0.9140679693638782,-1.0,-1.0,1.8739624625656965
0.4832070395267285,-0.7780153681937358,0.164710562919275,0.04275379392480838,-0.5064186539700419,-1.0,5.721909305394777
1.0,0.1842133210351209,1.0,1.0,0.19222184415376287,-0.0883662196317935,-2.0162603099209435
0.5680765621886391,0.6863055944521219,1.0,0.054193470888568074,-0.026820216949675957,1.0,-0.8904429565568354
-0.30607831674821284,-0.5614628162436166,-1.0,-0.5961385063349076,0.08742159670610605,-0.9675309132641179,4.889702943037611
-0.7876167073287559,0.779165706803786,0.7224473056879142,-0.8061860465018064,0.0060392222619975455,1.0,-0.6583973719532474
-1.0,-0.10828870902799947,-1.0,-0.12387985276930502,-0.2509802010882731,-0.863169118089044,3.7262989027832294
-1.0,-0.1798683293210177,-0.026330974515449856,-0.5095952894534688,-1.0,0.773747401528716,-2.0033827192567832
-1.0,-1.0,-0.6238943484685453,-1.0,1.0,-0.2791446547392205,-1.3568764723337585
-0.5458754933152107,0.09359047618973848,-0.9379599179905515,0.00048583367685550716,-0.3009078274312649,1.0,6.371268582029542
0.9283067179223432,-0.26323928616426556,-1.0,-0.138930133608427,0.8112519625872713,-0.08583525888499671,-2.355791185018561
1.0,1.0,1.0,0.2092454155665633,0.3051213651840726,0.6822972585525022,-4.462944135161691
-0.10502130895320394,-1.0,-1.0,-0.7675189342660762,-1.0,-0.10176839818147966,-0.9664732101685742
-0.6673584968501055,-0.1588386800203808,0.16158088827117123,1.0,-0.06096074721314354,-0.7736372192040479,1.660822805166853
-0.43882112216843794,-0.114550748006156,-1.0,-1.0,0.08711162167908382,-0.11252712177512492,-1.5262035593073562
0.11926623918587914,0.9501057669666446,0.8877031647624116,0.8056253196839129,-0.9916565840651708,0.947514195105886,-1.9342480712993084
0.48012768594619754,1.0,1.0,-0.14288656131536936,0.7496212739215394,1.0,-2.166889438457851
0.6330549704350119,0.2849305089444204,0.9169695452125686,0.09464277542115007,-0.7749321744125821,-1.0,3.8237190971913
-1.0,-1.0,-1.0,-1.0,-0.2720351649934271,-1.0,2.8451642420369394
-0.3490120214521388,0.8974104696145581,0.5069841877305359,0.008560617334891052,0.7572220105247562,0.9088964686592007,1.2548499051106872
-1.0,-1.0,-0.023431728305233213,-0.4046545674212679,0.22953964939085725,0.7876486269719445,-1.1289493741600594
-1.0,-1.0,-1.0,-0.962532797337498,0.8423413596506746,0.43908806716887433,-6.402397018621484
0.22875771907428455,0.4089068262912547,0.1659279732284991,-0.34858971776846187,0.26660574665878434,-0.7660329542240527,0.1395794104426794
-0.3870146277420219,0.7528407160080796,0.3673472315672286,1.0,1.0,0.43392377651474345,0.9332062635463209
-0.4273331410540029,-0.18299698869738734,-1.0,-1.0,0.7094979355204875,0.5816079781595545,1.0180074416936646
-0.05444361820800092,-0.9710467839020268,-0.5713842961678659,-0.5555993436376406,-1.0,-1.0,3.778799828001127
0.6763200270418053,0.6736491920017607,1.0,1.0,0.2976240376051734,0.07440266890385555,-2.7418841785277848
-0.53174427721874,0.7269059894905568,-0.03168205302275867,-0.8121686633637846,0.2887038156360617,-0.7131058694262791,0.3635152492583702
1.0,-0.5252906690831136,0.23338859783207855,1.0,-0.05360035006020186,0.7471876801177211,1.4004257531864908
-0.1671818022476252,0.30872936087685054,-0.03658034293853174,0.111161274270972,-0.560060848471521,-1.0,1.3650671230487545
-1.0,-0.32978983700461495,-0.17095550950478877,-0.22399281402332127,-1.0,-0.5991144121582324,-1.8752661202345862
0.8252753231176863,0.0429770609750717,0.1536852697481319,0.38444465781817794,0.02841901034041705,1.0,1.3792516118172264
1.0,0.37973756602732767,1.0,1.0,-1.0,-1.0,8.617873963235699
0.6084767396591364,1.0,1.0,1.0,-0.07978060940504444,-1.0,1.294763068155094
0.12903800114156827,-0.5220916972982574,0.8611822104367854,0.9382468033944362,-1.0,-0.27092509586657876,0.39386893430387415
1.0,0.9150743495945519,0.13911704242161047,0.4198995072933308,-0.8759658773653889,0.12464444948634812,2.9078408522100956
0.29639935331096423,0.49821074552699834,1.0,-0.16876557516134294,-0.7876047378554628,-0.5090347337684717,-0.301204256400599
0.38647582817531034,-0.19872166490458798,-0.003071644290940201,-0.572960155786079,-1.0,-1.0,4.867633049268236
0.3169701672596313,-0.4689259550866946,0.1440236346311018,1.0,0.5496518119929081,-0.2936494857153361,-0.36207524403791214
0.3778245605504429,1.0,0.2559956992849912,-0.2690944155117253,-0.1967462858655002,-0.09512412458843422,-0.20532758461371947
0.5126157271117682,1.0,0.2985966182392046,0.44264851224396606,1.0,0.96924023702689,1.9002601473256626
-1.0,-0.5514876012308336,-0.6232191726772401,-1.0,-1.0,-0.23273078456874663,0.6060088595339077
-0.6700233064191085,-0.2012095230290767,-1.0,-0.7087488257636794,-0.6061154991056796,0.33759008480138675,-1.4578002532984793
0.9689703582296192,0.9339899942310452,0.30034368065266936,0.19833482945469183,0.40132498394257676,0.8911059858435837,0.06666181635306748
-0.13739990104507105,-0.7672762938466732,1.0,0.08585953025458382,-0.4200789398709469,0.6007119011661042,-0.5253485729010403
-0.08303403255349495,-1.0,-1.0,-0.2779057400352838,-0.3868370503849426,1.0,2.5230138755698093
-1.0,-1.0,-0.856982373101098,-1.0,0.6004286802227555,-0.7571569279941743,-0.19659216485712672
-0.9860527733687281,-1.0,-0.6053447476435696,-0.958659658947357,1.0,-0.1877742680137533,-1.2599713558285743
-0.9693606158483191,-0.8413815317119977,-0.5363082371407704,0.3031457978668509,-1.0,-0.6630173517306985,-1.4169318972921232
-0.19121689982419002,0.8894155155148565,0.014965000824884889,1.0,-1.0,-1.0,3.3401611811950818
0.35152356754514824,1.0,0.8392426749534385,0.31072454047376846,-0.42950307005074145,0.7308621849471902,-2.34743847129486
0.32401699760375147,0.40575087006025323,0.5124954882229455,1.0,-0.23453487676757123,-0.04750634515605594,0.5620212955244976
-0.33407438671007983,-0.2875820117196839,0.8560924212577552,-0.15164705029951703,-1.0,-0.1320393658113087,-1.316501256233055
0.6270763080259455,0.48751679918384805,-0.5539857553213846,-0.46166294311967837,1.0,0.40242173897466216,0.15528378738593124
0.6964940549795261,-0.3614069879651559,-0.5118368886858413,-0.17448815348643015,-0.23473678874634496,-0.34408790236174003,1.1903617640073438
-1.0,-1.0,-1.0,-1.0,-0.9280012807079405,-0.1518826823514836,-2.6275193508069474
-0.398517097795658,0.2606810325085863,0.4952431279540195,0.2869402196951909,0.295840536975431,-1.0,3.173601814362014
-1.0,-0.24394016928347995,-1.0,-1.0,0.5922318645702291,0.19798633048090086,-2.151602680229116
-1.0,-0.2570696611123626,-0.12575377548857158,-0.855773036110697,-1.0,-0.9391002642986575,-0.038691202887131404
-0.7913231393737374,-0.6838949181737186,-0.6805240446030243,-0.17000749110807412,1.0,0.6859844546171545,1.5383017572486772
0.9849918107080549,0.7835558290890106,1.0,0.3759598294759927,0.052008127469054755,1.0,-3.1572489051740424
-0.31977485700875463,-0.3439768428890874,0.17138123073491146,-0.17037815104369491,0.9700729655462141,0.4439643379337781,1.7497389187119596
-0.2536658338289337,-0.6870527220636247,-0.2758868090577813,-0.3253342696558125,-1.0,-0.26476404664626674,-0.616343175304102
-1.0,-1.0,-0.8816741689548866,-0.36828959793319993,0.06345098075130806,0.8170709473695013,-2.068961108759191
-0.7203258889592368,0.38559728242221586,1.0,-0.01955710785382994,-1.0,-0.8095129865884356,-2.2791727217954607
-0.8860906938030311,-0.8355982278906158,0.21140326961773104,-1.0,-0.4835944708850107,-0.46892092915917405,1.9480831453562526
-0.865878999530161,-0.01184518407270363,-1.0,-0.9735905163859997,-0.7819105785016806,-0.10717738891968387,-2.210665187636596
-0.3529937388343558,-0.8769926611254759,-0.25311859989831076,-1.0,-0.1012032648395722,-1.0,4.733433322552365
0.5644079094065386,-1.0,-0.649644876908521,0.22767456912157946,-1.0,-0.5163003228566417,1.346416582231134
-1.0,-0.5812631111294861,-0.7610757592749167,-0.569401904334528,-0.045241203356469306,-1.0,5.088582484880049
0.33368101045142773,1.0,0.17994357469682776,0.04695015340096842,0.44774946949892963,0.25291462906675366,-0.6447698647125644
-0.448413013892381,-1.0,-0.5434189387429653,-0.606722814305285,0.21594440370210288,-0.3226586620050529,-1.2789456997214554
-0.9631493464289653,-0.028256275394636265,-0.30088051422319384,-1.0,0.40292683799202633,-0.6642662731091414,2.8575166208285063
-0.5449104284092351,-0.4764090738532971,0.630478752507684,1.0,-0.8154188942698862,-0.10893264270280911,-0.7890920401944032
0.5030084657496043,-0.5177034449324146,-0.894803112544487,0.9861398830216042,-0.6170062964296694,-0.6667150521549725,-0.4529934463374339
0.06926801207998912,-0.8406602975674419,-0.5213789349988649,1.0,-0.04786357631218063,1.0,4.518246401773468
0.0696281923216624,0.8416891808388395,0.345933261430605,0.23479696666591043,-1.0,-0.43425789473021303,-0.9066767038214514
0.19586577288186846,0.3992957085154456,1.0,0.06032520072231411,-1.0,-1.0,1.0081788203494018
-1.0,0.05655890063412444,-0.001938321618489447,-0.8940298173471837,1.0,-0.4447540247808598,5.207946688718329
-0.3352037803673359,0.3548509718251814,-0.15626096226412178,-0.9478883334207966,0.5518145980929244,0.6115017238290223,3.603339345109817
0.21760580355785597,0.587985823709568,0.2051771587142669,0.4300510003045569,0.8097221961105314,0.5526629867313331,0.6292583298275845
0.9997824136002726,0.8420895116158997,1.0,-0.6684126811254186,-1.0,-1.0,3.5600665344994944
-0.25372751774322067,-1.0,-0.09926626656305237,-0.9935513640295306,0.10963741547179937,-0.13618399499774314,-0.1011834632549746
-1.0,-0.0042307923342363996,-1.0,0.3819286038310858,-0.7271890646445767,-0.9559571482420548,1.690330460880391
0.13701710159683322,0.6933721555491748,0.5678528952676305,-0.4108062205623658,-0.4248939233808299,1.0,3.072239567773627
-0.213800531130655,-0.1453552452410059,0.2540887509369792,0.7937263138396925,1.0,-0.9289731485369905,1.9020690427176608
-0.17297430458574053,-0.8309665904580037,1.0,1.0,-0.04362434510677912,-0.2826810135700567,0.4084656020079838
1.0,0.7521236375975893,-0.31936652468566173,0.06964533432869557,-0.015860676218105274,-1.0,2.644358219308477
-0.33182637822996636,-0.4223244454085613,-0.05301882491208859,-1.0,-1.0,0.10465478640882031,2.139707051359446
0.7801535847639567,-0.16565844508643052,-1.0,-1.0,1.0,0.9300721550346487,0.2977599121325948
-0.6827964847396983,-1.0,-1.0,-0.11911342883733722,-0.6710064766253945,-0.21889693397898435,-3.7548746688160364
1.0,-0.0591822460198434,-0.10641918661599206,1.0,0.45618214946736646,-0.39851744958986746,-0.3514643726120617
0.5730709528290426,0.3574314717037921,0.0871360071096903,1.0,-1.0,-0.2603991560013161,2.472154902766321
-1.0,0.3017410903293197,0.7102521335378513,-0.3990835817548293,1.0,0.946916536925141,2.150673241844906
-1.0,-0.7013535521577763,-1.0,-1.0,0.28094092921836644,0.854187586456059,-1.0492021749210523
0.7348761435896243,0.6856410101098785,0.5540481254092422,0.6722441623259369,-0.6628194296661565,0.10615100354793905,1.5469794913521258
1.0,0.591455978430647,0.35798970281096887,0.17563350971008473,-0.5310222151348587,-0.7130469125406599,3.7986088849849935
-0.3924325953233517,0.1828047791265769,0.5281650523089023,0.11967098148192981,-1.0,-0.7342731593369887,0.2794821876925502
-1.0,-1.0,-0.9829366834290525,-1.0,-0.12016226110334272,-1.0,3.4992489783325302
1.0,0.3914900278468486,1.0,0.17061840935425554,1.0,1.0,-4.603101612371818
-1.0,-0.11898813813612275,-0.19686411860250708,-1.0,-0.3256109449611009,-1.0,1.3179642732158072
1.0,-0.3316077800718465,-0.2896873130411831,0.7003241212124893,1.0,0.1854649197985065,-2.5165257974819872
0.3147244621992449,0.061788295224827317,1.0,1.0,-0.040813696952190615,-0.7823920415359935,0.9303897158090066
-0.054165353605683766,-0.565301177170829,0.2581134597150358,0.001766610690662307,-0.568030669783129,0.03193826079133477,0.11585471100518299
-0.32240140105197324,0.09057128155062855,-0.26735930904465,-0.41336925240491357,0.35543105356116267,0.4496562452782935,0.5500462153240112
0.8998629839317045,1.0,0.9793771954019053,1.0,0.5175951265226365,0.25091753043207765,-5.910397361422713
-1.0,0.21295782836513433,-0.43149305707603114,0.18131116074114906,0.5546273374379505,0.30796043876392554,1.4046187836359492
-0.35137131270945554,0.1501432001498808,1.0,0.3041212969435059,-0.9469709227221805,-1.0,-0.39617397560465967
0.11745155671848795,0.026342543268376373,-1.0,-1.0,-0.9056127565431443,0.585454214924463,2.633640714713185
-0.9602532875833034,0.2354082567906412,-0.2456196735977485,-0.006553768479292454,-1.0,-0.13862399482256277,-3.043614138424262
0.669493659590162,0.6379343261025202,0.3686164676316189,1.0,1.0,-0.6225512461302475,0.03913255149457007
-0.19300439273608683,1.0,1.0,0.970553122644775,-0.3140785630621459,-1.0,0.5137600762861865
-0.04953794211464718,-0.8091777250191062,0.2699334889028735,-1.0,-0.941139639516485,-0.7382656879417382,7.1101650476032585
-0.7860518313847498,-0.394690134126536,0.007584317683860808,-0.34359673859897055,-0.16958238775039725,-0.5499797879911219,0.8012778759564805
-1.0,-0.8071436393506631,-0.7021815094478816,0.8991583934130984,-0.7842448891422413,-0.43195873102934934,-4.209125735202445
1.0,0.25020122298942515,0.5983571433296683,-0.6478469511376486,-1.0,-0.8473195105483589,7.020196063628141
-0.590692470401039,-1.0,-0.2743446680570518,-1.0,0.9082598643370248,1.0,0.3090620016355373
-1.0,-0.186533767163851,-0.35114224743218103,0.20487459751162937,1.0,1.0,7.071109505802185
0.9036110460888063,1.0,0.6889141423237233,1.0,1.0,-0.26114000186961933,-4.339569825613002
-1.0,-1.0,-1.0,-1.0,0.46369628870266294,0.09202424393418655,-7.786712733013692
1.0,1.0,0.362032430551564,0.5034831783804952,-0.7691407558593147,-1.0,7.569755227937581
-0.2619687009102159,1.0,1.0,1.0,1.0,0.05084660260052454,-6.956870401413747
1.0,-0.05006178875763326,1.0,0.4520291653771018,-0.9118414808556587,-1.0,7.673253168665237
-0.06840522973603314,-0.0841608223821597,0.9991038893817028,-0.08246659056854752,-0.9788724873362056,0.8486423276564179,-2.7276521555684705
-0.10946288296341683,0.27510249114170027,0.037985875785394446,-0.6407244371243578,1.0,0.43283629053982253,1.7788567901730636
-1.0,-0.807603807906865,-1.0,-0.6013532497352666,-0.35239368662693327,-1.0,5.170960791202051
0.7975567516940562,0.6367926377338572,-0.1548831453964098,0.48840157713925847,-1.0,0.2224455123481597,2.3930131704243824
-0.5962931336713949,-1.0,-0.06503866954487222,0.20942063904039115,0.5972533803726876,0.91213377550256,2.3910202455708327
-0.7504933991518498,0.11490641565010962,-1.0,-0.27659306726569954,-1.0,0.26375313955999624,-2.3120220392248663
-0.8330700805087247,-0.8146892450440382,-1.0,-1.0,0.47582067291498564,0.17558443341888097,-5.2070205314889515
-0.9921367168557007,-1.0,-1.0,-0.5917166297398142,0.1421884117412342,-0.4009105338848604,-3.1204879389881826
-0.8047824957054581,0.676555149504747,-1.0,0.01767241920362409,1.0,0.48171731956938846,2.629503366323365
-1.0,-0.9728762115607745,-1.0,-1.0,0.19331363411320124,1.0,-2.6616469004538397
-0.0398188816962064,-0.25350744591365837,-0.389097715861181,-1.0,-0.2774759959444588,-1.0,3.1956821227097665
0.9273022273239696,-0.45474591011659116,-0.5507675894853233,0.4228937512527665,-1.0,-0.7750211829157179,4.453384630958615
-0.44507606209527784,-0.02179802487249871,-0.3428731592909732,-0.0937404266302384,-1.0,-0.024297076103814153,-2.4753604107896603
-0.4249378327882754,1.0,0.3741390651007023,1.0,-1.0,-1.0,3.137229221993659
0.11981805226986841,-1.0,-1.0,-1.0,0.4863372868866803,0.3477761743813585,-5.034806419350778
0.20240795936480938,0.942106084866621,1.0,1.0,-0.6504318026288834,-0.09955716014321536,-0.6311279652610489
0.24222600736117683,1.0,1.0,0.12805515445215843,-0.8888828995080349,-1.0,-1.4827193846239632
0.49096196271585824,1.0,1.0,1.0,-0.07665441059060152,-0.30009029501137197,-1.6619956563029301
1.0,-0.05392269813221945,0.8029533898681323,1.0,-0.21398513135815977,0.06176671092275321,0.4792943520612959
-1.0,0.1608894953490273,-0.6889691052880457,-1.0,0.28332088542579215,-0.43961708232297797,-0.03818582941685905
0.6851028946749937,0.7984165302774833,1.0,1.0,-1.0,-1.0,6.319038376669928
-1.0,-0.5746873639074641,-0.039144012429393804,-0.041695978662771305,1.0,0.7350184555553168,3.0218550175617453
1.0,0.20610534310858764,0.825151614438207,0.5455580278316542,0.3346980522893847,0.5354626598583252,-1.8743510234430643
0.12126746559996554,0.47390192768503914,-0.4196784023798157,-0.47384607041219506,1.0,-0.4016763877746736,0.9048407120193034
-0.23997508004005585,-0.47022880121228416,-1.0,-0.5373330809717796,-0.3938152715610368,0.08498827484557864,-1.3787178204679582
1.0,1.0,0.6543238369261198,1.0,0.39155086756648405,1.0,-2.931590189313842
0.9751008329984878,0.5236176556263032,1.0,0.2489115894116094,-1.0,0.07115814309376156,2.596329025353374
-1.0,0.010180592694471968,-1.0,0.5200653067362937,-0.15170969250519473,0.9368302423631161,5.654826631457288
-0.2654553719789109,0.21897287282805866,0.6528287143774473,0.341171497874366,1.0,0.9031541486684922,1.3852853138550318
0.8537165876761075,1.0,0.5245218361404597,0.3151745293593635,-1.0,0.1786368934321726,1.3969064772683217
-0.06370160115509887,0.7582435546529953,-1.0,0.4490118120552804,-0.8141022348373378,-0.7284164092211536,0.9831786123325412
-0.6041917593623697,0.32008178581942026,0.614307587171137,0.8902294197883208,-0.4350301311607039,-0.8057655548502882,1.2502885289331374
0.5985281752949987,0.303999782365058,0.5729457754903295,1.0,-0.009995364456299505,-1.0,3.1197643581379917
0.7934705001860278,0.44151762026854846,0.7595079354623968,0.3305765294727403,-0.16803243722349553,-0.1901106763604462,0.49623271653651024
0.7036450386845068,-0.32639817794462345,0.015440106507230572,-0.3189974554766496,0.5633407393224168,1.0,0.4711408654891127
-0.4206193837799193,0.5421909317565062,1.0,1.0,-1.0,-1.0,-0.03985269340738401
0.026267615558449045,-0.19314258090081016,0.5562803118226651,-0.3670067308470944,0.818626753638998,-0.25946788664273934,0.041489363563573356
-1.0,-0.14601755462452404,0.11132221500860726,-1.0,-0.4538681993393652,-0.56297822224352,0.46167250838634777
-0.48175511706191915,-0.751407577445945,-1.0,-0.5728058266885416,-0.8137389581798187,-0.7926266413967252,0.42427249587320975
-0.16372095372430961,-0.16118957812286405,-0.11921625781365754,-0.628940714260926,0.9142253813948386,0.863160447441151,2.804839557986897
-0.030234336992453814,-0.9928348526781938,-1.0,-0.16286307143035805,-1.0,0.9022486892202463,2.1790643265981515
0.8857485644142077,0.9362367104483582,0.3930632458305896,0.7723238191989982,0.06619579640006833,-0.5452877352177024,1.3230942077987082
-0.23140713355289338,0.30408056602670275,-0.25666543018067367,1.0,-1.0,-1.0,2.378191630787793
-0.790133309401073,0.5460339649916585,0.4008603559591879,-0.4313656695585749,-0.686637127714741,0.6463385182844419,-1.0541879355981891
-0.10073453472882643,0.7545353971899362,0.679682525398547,0.6132261682774705,0.018181201793766602,-0.7190843955225218,0.7705448985877524
-1.0,-1.0,-0.7174841546970238,-0.6485081724108614,-1.0,-0.8765468242812005,1.715085882937022
0.1854097827616915,0.8647752165729554,-0.4452279882585598,0.634109067250903,0.8225852211603435,0.2499885438695182,0.5486003057725454
0.5584017479624473,0.7826518220707024,0.4378167546297065,-0.5229720548799387,-1.0,0.4380886321901021,3.094127983252733
0.08350873148727977,-1.0,-1.0,-1.0,-0.533169450700339,0.33123980149328586,-2.3090600779166364
-0.23824858726301446,-0.5522404354264037,-1.0,-0.08182852635547566,0.7586803617838209,0.868229874602431,4.602964079580744
0.47704862102841206,-0.34990096756113626,-0.6394221422179431,0.2410307384867134,0.2604792438570235,-0.5619926783923757,-0.8280992224469356
0.3174390923517209,-1.0,-1.0,0.911695316751492,-0.2392414425330136,-0.6909199563457196,-2.5543793366681475
0.013410640387709727,-1.0,-0.08383170400228254,0.617000200206912,-0.6932368119096775,0.07815508454155579,1.2992352692793547
0.9475867582893163,-0.5924666113805637,-0.6371955349753895,0.3829836662187298,0.5683488914207476,0.18768510455661105,-1.8589346872687655
1.0,-0.07724582403471014,1.0,0.9748587598290641,1.0,0.7477939143968902,-7.365651778834908
-1.0,-0.8478975989504229,-0.018389488506240115,-1.0,-1.0,-0.33279749752205134,2.8345303031365687
-0.7465134639767111,-0.5357092233212402,0.2393083611174466,-0.09056315412062078,0.25663035280193924,0.4797085877112066,-0.4339637145411177
0.1328284827339663,-0.6231047570008854,0.001682984968155568,-0.2983013367010212,-1.0,-1.0,3.410574905379657
-0.6362790272765487,-0.8719548977993846,0.06232047592260784,0.6952836430707103,-0.23499448857589608,-0.5788110509048331,0.17520407002054805
-0.7043425687883549,0.8140947471184439,1.0,-0.23254177762853045,-0.8434874175931092,-0.4116955098434263,-3.0631707899868506
1.0,0.6305305167472428,0.14318767518656483,1.0,1.0,-1.0,0.9623795659772474
-1.0,-0.39565401463703354,-1.0,-1.0,0.3759512062054069,1.0,3.598478314225034
1.0,0.3942945321586555,1.0,1.0,-0.3309399697722471,-0.7110131626477594,4.199936658396758
1.0,-0.7996870993863614,1.0,0.1830339095467668,-0.6592588812549666,0.7381193518317073,2.9839633862205224
-1.0,-0.031315063243166796,-0.7185885104659657,0.13369041965890927,-0.6398414717854031,-0.5428082978738893,-1.4577374392674893
-0.7006635144642415,-0.8482005560259857,-0.7877953054125936,-0.5302843850204688,0.9139595244964254,0.8552514076439099,2.9938057242846465
-0.7515336640265624,-0.04544888495477539,-0.15618164760466613,0.49578385068399666,-0.49917442328596384,0.07382005233717082,-1.14758184089952
-0.6156172762265797,-0.41291365933485413,-0.48847786836529306,-1.0,-0.6638493001786824,1.0,3.026838344982537
-0.8233867101675822,0.8960809517416128,-0.25295085260178907,1.0,1.0,-1.0,3.3274529304075875
0.7459460302457247,-0.32217514095197514,0.3513404788285703,-0.07092675595365283,-0.6695847141158238,-1.0,6.644643997996047
-0.2510911321395284,0.8677083796237309,0.5119029881311701,0.7567840017359755,-0.038966149404907835,-1.0,2.6421135561864486
-0.09121419440596934,-1.0,-0.21025090778098618,-0.7077072300255934,0.22989818382490612,0.5298480530297842,-1.280092485166519
0.7932970973708036,0.38897985334605045,0.9598050529604383,0.10448347450026374,0.14404486917299364,0.5512797781110756,-1.5731264255401292
-0.28743236585922016,1.0,-0.13236577016619705,0.8365215414833244,-0.03611910998010215,0.4176231450194499,0.31174499889595514
0.860082871100746,0.17688208278817052,0.5453500765830572,0.6185850447598786,1.0,0.2542122954748094,-2.6684833301164907
-1.0,-0.5481780795288442,-0.4962866198805489,-0.14186372856443288,1.0,1.0,5.5678503465314755
0.503058567763599,0.2918269659547045,0.09273072375365554,-0.2524130928752775,-0.3917633642308558,0.5637524429938772,1.4132342449603021
0.2690885082679064,-1.0,-1.0,-0.9500765678525018,0.7355195309349291,-1.0,1.4303007102030232
-0.6809553969392819,0.11896004660310622,-0.048165992108211764,1.0,-0.02897971450841519,-1.0,2.690962761359883
0.3976037363085174,0.4310221402082778,0.1271569511523894,-0.0115764566510278,-0.7486787112770683,0.34431272321694684,0.6805706045831647
-1.0,-0.025029630387537916,-0.4094277424261932,-1.0,0.26745551570357984,0.2962375180294591,0.1555038256869693
0.7379160525059049,1.0,0.18342398957061126,-0.03620870023705758,-1.0,-0.37777191296130286,1.6655518375605864
-1.0,-0.3589889598700867,0.2869753475214444,1.0,0.619416299347957,-0.8072755924399755,3.1138351978835237
-1.0,-0.019517332376707275,0.9613047443463587,0.448041422761662,0.6392794118111573,1.0,-1.4192384631466912
-0.27105016985335073,-1.0,-0.5568534517062319,-0.18097724003157634,-1.0,-0.4035238867912932,-0.4362295835846796
1.0,0.15795007082401624,1.0,0.41150378738480686,-1.0,-0.524497692928217,6.939705888583976
0.6513795204545717,-0.693076083028963,-0.9720677585116417,-1.0,0.6566506035425426,0.0033457859586391026,-3.868689838332098
0.4261600235972097,-0.2906084448104391,-0.5902239292844997,0.7782727999230343,0.17748253369554395,1.0,4.072517668838134
-0.8598533568842186,-0.9389975343389066,0.8151884264504254,-1.0,-1.0,-0.6828806741724627,5.686922090053419
-1.0,0.40504015744572364,0.473610056834765,-0.5845682334578106,0.9710766673283996,1.0,4.085433487660467
-0.047644121726324026,0.8867739682812729,-0.2722174106398152,-0.01908461420576102,-0.48057368132282896,-1.0,1.0410595954457484
1.0,0.19055318986974878,0.24677727075040123,0.6146562527456432,-0.8057142288987513,0.7283604593289199,2.7259437100859367
1.0,0.049879930566625985,0.45424888493258475,0.7822643647630095,0.3990743461943695,-1.0,3.6261943640239065
0.30568607517159707,0.631482404292067,0.3149589964669441,0.9430098618428682,-0.013202972136478808,0.08512478095313247,-0.9210588886024598
-0.6184581151320054,0.0741494643506639,-0.2263370440707723,-0.5467237374974914,-1.0,-0.23033573394460993,-0.6189008648437236
-0.7563815261056259,0.940109082136037,-0.879623116838448,0.6630076766202714,-0.9962115698428847,-0.9036346429689566,3.33162963702595
-0.5132096712294968,0.9593415838468513,0.9564169202419056,0.8552681256865896,0.9221886230837377,0.637383312940476,-5.108126133140199
-1.0,-0.3706488445478449,0.3323758702875349,-1.0,-0.6678932492603686,-1.0,1.0614523954904715
0.5883521670273226,1.0,0.8227351340601745,0.6477956284074451,0.7747131127620125,0.2455904415853255,-4.664411101077763
-1.0,-0.02108601088937581,-0.4569678374314071,1.0,-0.8825894597268478,-0.9392748140623637,0.3291704336518094
1.0,0.9607262924787199,-0.05599430377791964,1.0,-0.8531463580595937,-0.7472085303036782,9.458064205834358
-0.6254822843616682,-0.06025688097929782,0.2376562794668101,0.15661661902389062,-0.9143062246411797,-1.0,0.24390677202246863
-0.7132536585877594,1.0,-0.1548544076586834,0.41991781695435115,0.09100488467109219,-1.0,2.298055465403265
-0.6830776108971726,-0.07691441689529144,-1.0,0.5929729943284668,0.6116158369734609,0.8602538527184107,6.987980394488013
-0.2557726705027721,-1.0,-0.8382667032000374,-1.0,-1.0,0.6834637376142313,1.8808929666774206
0.015061318958377812,0.0671452602803354,-0.23396146476782564,-0.48890003835189655,-0.5894022042938416,-0.6434755389860507,0.24952948381695544
-0.6251650673267675,-0.7139450759726766,-1.0,0.5745958619114651,0.16702508894663537,0.8588318259963583,4.668531510260798
0.0613328807191606,-0.499183623435234,-0.3197351813237874,-0.3941942913448374,1.0,1.0,3.042411693411184
-0.4612777833159182,-0.03900145818096937,-0.4147677916158934,-0.028066696445799844,-1.0,1.0,3.669447892669789
-0.9139904788078235,-0.2659988135767466,0.29157089631033895,-1.0,-0.5329444858407248,-0.5502493893938037,0.13503472960766716
0.291923865268764,-0.13369719621341736,0.5683157954032229,1.0,-0.4378391613429702,-1.0,4.563779665691079
-0.9749530457441659,-1.0,-1.0,-1.0,1.0,-0.4694948593524295,-4.7117072888431535
-0.8701929228712701,-1.0,0.3331319186307814,-0.44284916623115383,0.9918971457383747,-0.6456275142423812,5.869088766354471
0.7748550463834605,0.07135940610042002,-1.0,0.10887530053222921,-1.0,-1.0,3.8716318339317493
0.5166396290947781,0.17504083822534283,0.785574405267861,0.622453008214553,1.0,1.0,-0.45972541861674804
0.8989780899591766,0.838268268045397,0.3117005985064578,0.9302940107444799,-1.0,-1.0,9.019082368645845
1.0,0.5552251813446223,1.0,1.0,0.2394220380091432,0.5151290990330566,-2.877588699045355
-0.478818657713017,-0.5322049101295803,-0.7883968721919216,-1.0,-1.0,-1.0,3.2441140585107617
-0.7840058354171751,-1.0,-1.0,-1.0,0.11091671313919099,0.7705569910214609,-4.245075215763746
0.763478820292375,0.39686931868432085,1.0,0.7593014989106286,-0.10369142380201038,1.0,-2.6321797308753645
0.04633935812849099,-0.2680551920097549,1.0,0.8062007997163536,-0.5659306926173797,0.3114738380275076,-1.5319519788692473
-0.24183824417975663,-0.2451574045134921,-0.40724095877964034,-0.847443692151953,-1.0,-1.0,1.968451973004743
-0.6708115944970117,-0.29009649096900214,-1.0,-1.0,0.3343534227170307,-0.608633199114317,0.8561966905069955
0.47197509961190787,1.0,1.0,1.0,0.3314317388987515,-0.006354579351434103,-4.131683410577161
-0.20476702655754642,-0.9613232538590726,0.10239060465908978,-0.2158911824185663,0.2993807248782692,0.783161402231243,1.0128539793013984
-1.0,-0.8608645849060751,0.3674449764396485,-1.0,0.07151388007146964,1.0,-3.0363916277383356
0.8045081995138037,0.47191437928070434,-0.10704070396254128,0.604612115872007,-0.5232476626415705,0.46903401357992913,0.37902424073854113
0.7092996948399953,0.24272798512921584,1.0,-0.93662855805561,-1.0,-0.1960928750763598,2.740282297184063
-1.0,-1.0,-0.7947471532062622,-1.0,0.21364815225942324,-0.13189067332659937,-5.337494790285852
-0.26821035570931684,-0.8978120028625483,0.5225047075056932,-0.5250188360286856,-0.5080661502628382,0.3695457922907255,0.8923817730296464
-1.0,-0.07689141048344417,-0.2481490775763131,-1.0,-0.1328727920655579,-0.12595132367305667,-0.3167982551732503
0.8270936908655184,0.6715414181791646,-0.49158317469462237,1.0,-1.0,0.8309951168111085,6.91723170836801
0.8846994219801674,-0.6805911928390571,0.05941471892454675,0.37560310060769186,0.8744381217719877,-0.9321048262195966,0.11821358210790905
-0.13902870693828373,1.0,-0.2941969717946452,0.5306811852730922,0.34643539875032847,0.32938583995015835,0.8999085576756893
-0.5789345111777919,-1.0,-1.0,0.06407138611343077,0.6921292695619788,0.25150839186872104,-2.3802734898497198
-0.6257088138555285,-0.4573263921416595,0.3773864308582385,-0.34062524136178357,0.22806873723447157,0.4925676247076479,-1.24837458399226
-0.13931383935034042,0.6720139941610825,1.0,0.5351591730558124,-0.8812760854730449,-0.899016939131987,0.33253725038739956
-1.0,-1.0,-1.0,-0.5403222255992808,0.6164621963882118,0.3843273892387111,-4.1382613546653015
-0.6020686588828059,-0.9588188760949241,-0.23714158237099425,-1.0,0.42501797472080916,1.0,-0.8938728758106098
0.8418055956587313,0.8346131530085382,0.3527952522267198,0.7490880173211922,-0.7892587448193598,-1.0,7.0580499005551465
-1.0,0.14271891963325278,-0.23419732914186836,-0.5072694254638813,-1.0,-0.6386387240809328,-1.9129175716712927
-0.04931547904004652,-1.0,-1.0,-1.0,-1.0,-0.3357357585562679,2.941832877340226
-0.6752791885796705,-1.0,-1.0,-0.7575768228154096,1.0,0.5293540488502766,-4.5367826832001255
0.08875244717876912,0.6128080704362442,0.26853628918224226,1.0,-0.21440526338698235,0.350990933503122,-0.5173206278935867
1.0,1.0,0.969449756893868,1.0,0.19438898889976725,-0.5852811535120296,-1.1883453958143346
-0.777518062944888,-0.806599063362549,-1.0,-1.0,1.0,-0.45118028770731194,-3.171977677108836
-0.034020723616823845,-0.7849663268937757,-0.7420700875188041,-1.0,1.0,1.0,1.644979608971832
-0.7081054350234967,1.0,-0.5850635558800141,-0.025740557649344575,1.0,0.6278695487063453,6.4400507978301755
0.6349695292722599,1.0,1.0,0.5600225757079558,-0.06619046823905335,1.0,-3.8187977390098915
0.6306374816018646,1.0,-0.33840877806475406,-1.0,0.10853675344419367,-0.937992871436969,1.4436997167618444
-0.48822632723709125,-0.8432597593795434,-0.7790740403467851,-0.3542517582524298,-1.0,-1.0,2.152742309872333
-1.0,-0.7464408572823396,0.02378470008546152,-1.0,-0.9466879031095842,-0.12048568506814128,2.040164076870962
1.0,0.6363654765548776,1.0,0.34765870162633883,0.886693151838406,-0.8455652443139975,-2.9102366056583033
-0.6726277499075561,0.6844082902413325,-0.8656335116123567,-0.3538355616108311,-0.12534338417972846,0.5141493140435176,3.2921210431106243
-1.0,-1.0,0.23096547984776739,-1.0,-0.5316032696041213,-0.2909883249339764,1.5316288188876708
-1.0,0.45557998289387225,-1.0,-0.2610416869827703,0.9924104057361369,-0.6029048937804612,1.1142397729465037
0.17671134502651778,-0.1900459066942205,-0.4983726941289715,-0.42654874837371354,-1.0,-0.470520505079824,1.096524451616943
-0.0882662276356435,0.367710314409608,0.6159902153078021,-0.06449599740740086,1.0,0.4858353690955046,0.49034567101942494
0.3757393169422163,1.0,1.0,0.10532096851131856,0.0004751308198376325,1.0,-3.03285578887846
-0.3999740148512212,-1.0,0.512164031361878,-1.0,0.2705547622664709,-0.18707735230852315,0.8167114681598567
-0.4902399947244782,-0.6939506731886658,-0.7685111162250402,-1.0,-1.0,-0.6121769529744577,2.113747838553847
-0.15564361284485417,-0.7581807167915678,-0.0969864084807377,-0.7532258121412286,0.0917551238494766,-0.7228417031402887,2.541377381948691
-0.023505436104710786,1.0,0.18219543431233864,1.0,0.42909074690375165,-0.2882354203783759,0.16419585447580043
-1.0,-0.9865592381567548,-0.7974533814028215,0.7934964830242331,-1.0,-1.0,-3.1383287294947806
0.024301525499502374,0.14599790021163728,1.0,-0.8415251772543748,0.13216087536794663,1.0,-1.1065813293856523
-0.29918180613084,-0.757177733456876,-0.09635498691174293,-1.0,-0.21107944744378201,-1.0,4.7383864548729635
0.24251556198031254,-0.03594560601823482,1.0,0.6169861117348471,-0.133322292277597,0.9155781704644956,-1.3285740289823234
1.0,1.0,1.0,0.12518589472205066,-0.5105041910041407,0.8100849140240082,-1.2056283324981896
-1.0,0.4169789210686098,-0.11753083600456721,-0.5395552140820594,1.0,-1.0,4.735503510188727
1.0,-0.6538262479334871,0.12415452382626485,0.38559597362766107,0.9035505407445328,-1.0,0.5983229056969696
0.7925000321911908,0.5139044352277815,0.05301921937097259,-0.6953057826746204,-0.7951859110850172,-0.21773252721610514,2.532131112097932
-0.5944457348884968,-0.686947043844879,0.8080162578241038,0.5919886498273719,-0.5036163030373957,-0.640327622420688,0.30097792921848093
-0.23969842705408778,0.7114249422113861,-0.2169086701571682,1.0,1.0,0.25000906834973263,0.7705719321039628
-0.7008649396883073,-1.0,-0.4546132731410726,-0.35905207458879995,-0.8195967791948657,-0.6461161170395506,-0.6726899101518343
0.5985049831398552,1.0,1.0,0.4066175476827987,0.8790768308595829,1.0,-4.6425782546261605
-1.0,-0.01491859446463828,-0.5371994801708674,-0.8184416207961384,-0.44325297494896043,-1.0,2.751822086436102
1.0,-0.9209857863766209,0.7504113479912334,0.24305134781606771,0.9600358398147621,0.7477688119243846,-2.5655292375921896
-1.0,-0.11480779803704788,-0.07964339205006055,-1.0,-0.7270971203888563,-1.0,1.1893795877093243
1.0,0.5532127906700952,-0.19268532757354184,0.5719922236028905,0.33586758422621354,1.0,1.3248660904128626
-0.44717844920144767,-1.0,-1.0,-1.0,-1.0,0.3665687820368472,-0.9138395361305037
0.6649313691975798,0.7462348385623168,0.21174180266542453,1.0,0.1715629451988132,-1.0,4.54691160446206
-1.0,-1.0,-0.008369986692288167,-0.050245708559811364,0.6308963135503132,0.5489427464214197,0.8908894015664302
0.6187988149878133,1.0,0.5301349248059506,1.0,1.0,0.809042549047853,-3.7742484542821866
1.0,-0.3846674105348775,0.503244793846215,0.3230444173546464,-0.5341943270404241,-0.6661779932076629,5.126847122363937
-0.4502292075630582,0.10494095569155723,0.4975826501973113,0.1687602003794263,-0.632193409270636,0.5754282515695917,-0.953022064251651
-1.0,-1.0,-0.30784911354329325,-0.9238135240055692,0.18019486887847713,0.7431614816609882,-3.175779649272714
0.11294472292333269,0.7762165115324012,-0.964838971308259,-1.0,1.0,0.1975791227848238,2.1140151865532038
0.12067452611682378,-0.7378724413215783,-1.0,0.47471309592223077,-0.24230886106350868,0.9333313771897399,3.314093768731324
-0.37370583464505625,-1.0,-0.6339387130362109,-0.5854543258618192,-0.6206374941699233,-1.0,2.8080838750012447
-0.4040146176605822,-0.6480340967944722,-0.4204299316699899,0.11532994700013394,0.17882683065821287,-1.0,2.6991297570282424
1.0,0.4182770448843181,1.0,1.0,0.059819611395108274,0.6863162819318549,-3.5732716865669336
-0.770914396552207,0.040331715077596475,1.0,-1.0,-0.21808768645576318,1.0,-3.616023016840571
-0.3170562944681845,-1.0,-0.9292110578439199,-0.720254933648004,-1.0,-0.8746315866580965,1.9361570051329662
0.3331608527995884,0.7083641405139579,1.0,1.0,1.0,1.0,-4.397992278363454
-0.7109746399995682,-1.0,1.0,0.5484559600676685,0.6832111105322677,1.0,2.2190696061431168
-0.8982279092783841,-0.5152381472987104,-1.0,-1.0,0.60346703822701,-0.3708224318377946,-1.0511023247395697
-1.0,-0.32353536088550705,0.27230153604870644,-0.31696456973254195,-0.6395071170705948,-1.0,1.0514927368927047
-0.09195552174165611,0.19904937206072548,0.08541207447964241,0.04762866375006945,1.0,0.15160774236159494,0.6854418864778069
1.0,1.0,0.5704397533598171,0.06248363754991604,-0.9596568787745872,-0.3841706294189662,2.7521017875861604
0.49242417891083423,0.2569097844465422,-0.1195320553249675,0.0037177258451062123,0.26674745028711166,1.0,2.49943987152522
0.4900508913063366,0.12756890817064082,-0.28861554308240767,1.0,0.31238588724675737,-0.13737577906174486,0.5917522572991329
0.9632722280469109,0.7464433472623334,-0.17346841980439168,-1.0,-1.0,-1.0,7.851195913631436
-0.3646541663823204,-0.9839966364432655,0.6980368074006389,-0.7269051045437929,1.0,1.0,-0.04528752908213002
-0.6007655845220652,-1.0,0.6149945694875141,-0.04526607938105248,0.5651714955446869,0.29995845394404586,2.4129833555964626
1.0,0.17870552776658477,0.7001777562132485,1.0,-0.900182047180778,-0.8186810406039251,6.998868201845815
1.0,0.07724479967382825,0.9174164270495337,1.0,0.6987316087766181,0.20614435137303766,-3.6130039536407708
-0.31921536286164043,0.5083968444356529,-0.029998631339265502,0.004158504768965732,1.0,-0.619162292180212,1.1042611792525745
-0.8645379639324381,-0.7292486733562777,-1.0,0.028102620939226775,1.0,0.7459688003589723,1.2186175223525413
0.104522103611697,1.0,0.08912874858704367,0.36090426162066236,-0.31628957666602175,0.2936809761524617,0.6008163507920266
-0.532700089612202,-1.0,-0.255760300313544,-0.4254654533228689,0.43914264335726005,-1.0,4.5972568412964145
-0.7440377982031705,-1.0,0.24594694062508682,-0.5916714516168642,0.07214149505298167,-0.254954889585461,1.3256423849135361
-0.5482511976952825,0.30053649015511674,-0.17768633335072886,-0.4383472596022514,0.7473500400289635,1.0,5.1705077332987015
-0.42432379715493057,0.7325705565973957,0.9318936110244841,0.9355528863452458,1.0,0.1954645472093286,-2.4871775264831775
0.34123637790294836,-0.3865122480407559,-0.26395817639084507,-0.005862737081819322,0.20384355040365237,1.0,2.9422103400399817
-1.0,-0.08880367589299687,-0.4207206352273709,-1.0,-0.46557571898687006,-0.5256251491995135,-0.6830712432818941
1.0,1.0,0.35309990120833046,1.0,0.26811944641149843,0.5557090847326155,-1.3531457530596935
-1.0,-0.18871314971843134,-0.36570832437786227,0.3115688553670995,0.19904529568205165,1.0,3.9138297047920054
-1.0,-0.32413060297437024,-1.0,-0.39544570048133565,-0.05837924760096458,-0.9487515492054188,5.469358849312404
0.7502214886882149,-1.0,-1.0,-0.9437928873585414,1.0,-0.5639799635692926,-3.680018643049859
-0.7248925226536298,-1.0,0.32059089684367936,-0.5227911542440398,-1.0,-0.34322884591216485,3.067714175913743
-0.7550249309680486,0.4689010190696899,0.5699876189047531,-1.0,0.612904459791566,1.0,2.912874534016464
-1.0,-0.6366532909285656,-1.0,-0.7075559402688175,0.6124595398678215,-0.021629231376874447,-2.900233611174766
-0.18071136427807233,-0.3377673460039101,0.12044122899990867,1.0,0.5173578377493175,1.0,3.203186461218429
1.0,1.0,0.1429687062960927,1.0,-0.4419269785473741,-0.23142646651035081,2.8502025486514455
0.0189749818036834,0.276198185613839,0.1802749016434645,0.26743370981721315,1.0,1.0,3.863116673883124
-1.0,-0.38966767991641693,-1.0,-1.0,0.15963032457047377,1.0,3.8195062034412044
-0.09346539598530512,-1.0,-1.0,-1.0,0.5188773824391801,-0.6419423700406213,-2.062592031370303
-0.17280413947531803,-1.0,-0.47398526708837707,0.15224644925624242,-1.0,0.13333709675152605,-1.154151434492934
-0.2846544649463421,-0.2948426952055385,-0.8555263981469665,0.8255683005524304,0.31387257445065947,-1.0,2.510558226087518
-1.0,-0.001835585907267956,-0.967981097955724,-1.0,-0.8607012602083619,-0.9736193408502392,2.3093595176705404
0.07051957689264071,-0.23412686183942877,0.1513928139931412,-0.10028349806928684,1.0,1.0,2.6287793722328483
1.0,-0.3245390740650231,-0.33258491830828296,-0.21527787129354933,0.10768046032613768,-0.19798244089865383,-0.11927397199575207
1.0,0.8244597191710079,1.0,1.0,0.9077550520993418,0.2815616169214137,-7.771614102440859
0.40278407434709695,-0.9029580900079686,-0.6264036407299336,-0.2711090128826601,-1.0,-0.3934083451870706,2.1679967399449973
0.735789509707498,-0.30167490137013964,0.2691183920108476,1.0,1.0,-1.0,0.09654057510167735
-1.0,0.4330211767399994,-0.6354789840194419,-0.0039621764223019,1.0,1.0,9.400862158686554
-0.972228279501278,0.10308204733714621,0.13971948940767673,-0.3612308897246633,0.941521184249104,1.0,4.376417894782561
0.28191044908026686,0.6293928059335805,0.6017399473464394,0.4871276678236398,-1.0,0.24773379237089768,-0.13963063929784986
-1.0,-0.7965437753958117,-0.771106049836657,1.0,-1.0,-0.8775722731997805,-2.9368554484200784
0.1548549891980413,0.5136208459674538,1.0,0.3118536453973382,0.6426292395695792,0.9295550659603348,-1.7143714879533927
-0.2297696665340324,0.0818513327530104,-0.14912674908172585,0.06367370758331659,0.06256784517634228,0.34657989094909786,0.7283350668795614
0.5632014299889352,0.2990167845330698,1.0,0.11952375315063857,-1.0,0.3090832523400281,0.7692523098970422
0.6040018150290609,-0.5097184358632179,-0.6173962298724285,-1.0,0.3672357639429862,0.23080906590853667,-0.9512931654735881
0.2937271326948402,-1.0,0.6279662938126594,-0.07526234155664058,1.0,0.5660669380484684,0.2983945385145155
0.28884681959972447,1.0,0.7372223249139744,1.0,-0.5064107653235987,1.0,-1.3737238722593053
-0.05964177431540402,0.7698503409803507,-0.9138972884544478,0.22105630239723803,0.24645568219946623,-0.1352701325178145,0.9385136110163358
-0.4062150579317725,0.08166267924663467,-0.4682690048235314,1.0,-0.09890485074919209,-0.4426247848401516,-0.6140276882838569
0.9288388852205804,0.41420353437734914,0.4037099930375937,0.9906997199298808,-0.8235001245147444,-0.40348217689743837,3.1271096610826374
1.0,1.0,-0.11068956164121233,0.7691202340660381,0.5075794043907209,1.0,0.5275259143601274
-0.5589485641301057,-0.18478849344796777,-0.7427892246752986,0.19590239295595335,0.12392603439266658,0.32900542113666165,1.2133296340804927
-0.997564876545117,-0.9173773754588531,0.7594194268759146,0.019743306913958814,-0.6817090795992986,1.0,-2.1642374053762605
0.4757426246804479,0.0028757485449254494,0.8258906407086569,-0.17335595919542557,0.10150687477677911,-0.47682305171113426,0.6665959092615201
-0.7617915037781995,-1.0,-0.4697425922889047,-1.0,-1.0,-1.0,4.591886012960983
-0.23321455278941383,0.5707216144862386,0.7167226355265481,1.0,1.0,0.35305816247232524,-1.2210547455436982
1.0,0.5719787175760509,1.0,-0.12984470276874344,-0.8543966952454336,-0.6311807142544519,3.1442825143032125
-1.0,-0.051718622288384086,-0.14236264011926925,-1.0,0.6319794163156388,-0.21276929232471797,2.548182783397352
0.030983510416485838,-1.0,-1.0,0.09818120334487568,-1.0,0.4693179830027514,-0.7120805466442736
0.14715269868654662,-1.0,-0.09510310263524147,0.5968206202374032,-1.0,-0.028235917434394117,3.015228624239943
1.0,0.3457516294621421,1.0,0.05051380069918454,0.2249053563385921,1.0,-2.247415514469285
-0.7292575384319339,0.6396539145849854,-0.8554580047079365,-0.47827127969541416,-0.8619593594201417,-1.0,0.5774847387916886
-0.11119133157662087,-1.0,-0.9296130712699804,-0.3084416531205474,1.0,-0.3419530956064716,-2.3790960727583856
0.13232953701452943,0.7622092859766141,0.13619244909969663,1.0,-0.7428364179491904,0.08255899789264917,1.389091250875079
0.4175191285451071,-1.0,-0.5037538880025446,-0.6329374281745125,-0.7382363020311179,-0.32621536199753914,2.6178583265078097
-0.5710404784784351,0.27888624354378544,1.0,-0.10240862438682849,1.0,0.7624784385562147,-0.6475384141057393
-0.7789909978946186,-0.8121822546638231,-1.0,-1.0,-1.0,-0.19828362647899755,-0.7041702687174581
1.0,0.37324834810463703,1.0,-0.01707534904068131,0.8515278519835601,0.12971209289380795,-2.8270863665115677
-1.0,-0.15111201793471962,-1.0,-0.7698012302996364,0.3815291242651335,-0.95523063992105,5.46987674011108
-0.7136216380534608,-0.15471738267531143,-1.0,-0.894612686019028,1.0,1.0,8.059205023473236
-0.6442394785319018,0.13863337374017204,-0.6719173236508786,-0.6232199469097216,-0.242960485224167,-0.8686646440793422,1.7256776118052453
-1.0,0.31064966319388354,-0.6698979817181578,-1.0,-0.11649330033183541,0.003004475759170691,-0.6526296837674569
1.0,0.5025490726339492,1.0,1.0,-0.6337872252675648,0.5072641987532773,1.0370752186365702
-0.7089260082130886,-1.0,-0.983377879169639,-0.9536815152637603,0.2304888987127094,0.6369446454687341,-4.187462448304221
1.0,1.0,0.6875579863134862,1.0,0.07084565156484646,1.0,-2.5909708849946975
-0.7188090126370603,0.5990182328460896,-0.2541376206009296,-0.7321472972992555,-0.29345206072742736,-1.0,0.13648339621113598
0.9404774508425418,0.7997646142978082,1.0,0.6204970069570581,0.3682734639067282,1.0,-4.9030941441110425
-0.629319502921113,-0.6790873314459404,0.2958141415095637,0.1894800006466661,-0.15459871757874977,0.9555806370920201,0.33221918448718607
0.09668717399358703,-1.0,-1.0,-0.7483690944692056,-1.0,-0.7731371819003123,3.51024957738197
0.33428412604329644,1.0,-0.7324796429214808,0.2890398552285234,0.7511308164700303,0.14620330816084826,1.7034534127043108
-0.7241731826093181,-0.47108876983777753,0.6139529144575491,-0.4977274502201503,-1.0,-1.0,0.6954843453582241
0.1462201040061195,1.0,-0.21602667593061403,0.1412603025910406,0.38740975008777,0.9491929442036697,4.89796148255131
0.1224105316045547,0.45283962836252684,1.0,-0.6852898016361761,0.9943291859585832,0.35885506986593685,0.1250310878590234
-1.0,-0.2978503669806871,-1.0,-0.4212735513290726,-1.0,1.0,4.664012840637197
0.603625673485668,0.41858608560370686,1.0,1.0,1.0,0.9351728638582388,-4.024604306714711
1.0,1.0,0.016127767421581618,0.9470075954236712,-1.0,-0.03774147542767089,4.600133453898504
0.795958763213995,-1.0,-0.8735355194610754,0.08998395073064402,0.11517171895401918,-0.46504623333538175,-1.1511696287445203
-0.026772666452594795,1.0,0.6717435039247309,1.0,0.40204425265718924,-0.2818867776067179,-2.686269173926823
-0.3831482499082983,0.34518453681495154,-0.36704330059853707,-1.0,-0.0973197073193739,-1.0,1.123862263960499
0.5255022998432375,0.3094531428599223,-0.2502446626916611,1.0,-0.9629898801783534,-1.0,5.637931120974769
